datetime,power_in_kW,wind_speed_in_m_per_s,wind_direction_in_deg
2023-01-01 00:00:00,3000.0,12.4,207.79
2023-01-01 01:00:00,3000.0,12.81,212.1
2023-01-01 02:00:00,3000.0,13.03,212.68
2023-01-01 03:00:00,3000.0,12.84,212.53
2023-01-01 04:00:00,3000.0,12.93,211.65
2023-01-01 05:00:00,3000.0,13.28,211.8
2023-01-01 06:00:00,3000.0,13.41,216.8
2023-01-01 07:00:00,3000.0,13.02,218.68
2023-01-01 08:00:00,3000.0,12.25,223.87
2023-01-01 09:00:00,2965.79,11.3,239.99
2023-01-01 10:00:00,2958.15,11.23,262.01
2023-01-01 11:00:00,2786.83,10.66,268.77
2023-01-01 12:00:00,2573.97,10.17,267.36
2023-01-01 13:00:00,2340.94,9.72,263.47
2023-01-01 14:00:00,2429.78,9.88,264.18
2023-01-01 15:00:00,2527.05,10.07,267.07
2023-01-01 16:00:00,2460.1,9.93,269.03
2023-01-01 17:00:00,2357.2,9.75,269.97
2023-01-01 18:00:00,2201.61,9.46,270.74
2023-01-01 19:00:00,2078.88,9.24,272.36
2023-01-01 20:00:00,1788.63,8.74,272.3
2023-01-01 21:00:00,1420.56,8.08,268.35
2023-01-01 22:00:00,1202.58,7.61,264.23
2023-01-01 23:00:00,1086.36,7.33,260.88
2023-01-02 00:00:00,983.96,7.08,256.85
2023-01-02 01:00:00,1080.91,7.32,252.99
2023-01-02 02:00:00,1170.5,7.54,249.06
2023-01-02 03:00:00,1347.79,7.94,241.95
2023-01-02 04:00:00,1651.67,8.51,231.64
2023-01-02 05:00:00,2161.1,9.39,219.98
2023-01-02 06:00:00,2653.83,10.36,215.11
2023-01-02 07:00:00,2968.42,11.33,213.75
2023-01-02 08:00:00,3000.0,12.3,217.83
2023-01-02 09:00:00,3000.0,13.49,221.3
2023-01-02 10:00:00,3000.0,14.94,224.34
2023-01-02 11:00:00,3000.0,15.52,229.57
2023-01-02 12:00:00,3000.0,16.01,232.55
2023-01-02 13:00:00,3000.0,15.99,241.48
2023-01-02 14:00:00,3000.0,15.73,248.11
2023-01-02 15:00:00,3000.0,15.7,251.27
2023-01-02 16:00:00,3000.0,16.08,251.23
2023-01-02 17:00:00,3000.0,16.16,254.29
2023-01-02 18:00:00,3000.0,16.2,258.6
2023-01-02 19:00:00,3000.0,15.91,262.45
2023-01-02 20:00:00,3000.0,15.82,266.69
2023-01-02 21:00:00,3000.0,15.77,270.49
2023-01-02 22:00:00,3000.0,15.89,275.13
2023-01-02 23:00:00,3000.0,15.52,282.69
2023-01-03 00:00:00,3000.0,14.68,288.56
2023-01-03 01:00:00,3000.0,13.86,290.25
2023-01-03 02:00:00,3000.0,13.31,290.86
2023-01-03 03:00:00,3000.0,12.73,289.46
2023-01-03 04:00:00,3000.0,12.4,286.78
2023-01-03 05:00:00,3000.0,12.3,284.29
2023-01-03 06:00:00,3000.0,12.2,281.92
2023-01-03 07:00:00,3000.0,12.56,281.88
2023-01-03 08:00:00,3000.0,13.47,287.78
2023-01-03 09:00:00,3000.0,13.27,290.43
2023-01-03 10:00:00,3000.0,12.59,293.42
2023-01-03 11:00:00,2943.97,11.08,293.2
2023-01-03 12:00:00,2266.8,9.58,289.28
2023-01-03 13:00:00,1796.93,8.75,284.69
2023-01-03 14:00:00,1652.32,8.51,280.57
2023-01-03 15:00:00,1459.62,8.15,277.44
2023-01-03 16:00:00,1260.97,7.74,269.94
2023-01-03 17:00:00,1285.91,7.8,262.39
2023-01-03 18:00:00,1272.5,7.77,257.23
2023-01-03 19:00:00,1289.73,7.81,251.28
2023-01-03 20:00:00,1416.11,8.08,241.58
2023-01-03 21:00:00,1647.61,8.5,235.96
2023-01-03 22:00:00,2016.04,9.13,233.81
2023-01-03 23:00:00,2125.16,9.33,229.69
2023-01-04 00:00:00,2400.05,9.82,225.91
2023-01-04 01:00:00,2758.4,10.59,222.59
2023-01-04 02:00:00,2987.01,11.57,220.71
2023-01-04 03:00:00,3000.0,12.01,221.9
2023-01-04 04:00:00,3000.0,12.1,223.79
2023-01-04 05:00:00,3000.0,12.04,225.69
2023-01-04 06:00:00,2999.4,11.98,227.47
2023-01-04 07:00:00,2958.97,11.23,227.94
2023-01-04 08:00:00,2846.67,10.8,229.44
2023-01-04 09:00:00,2612.91,10.26,232.13
2023-01-04 10:00:00,2838.43,10.78,233.46
2023-01-04 11:00:00,2694.11,10.45,235.3
2023-01-04 12:00:00,2547.7,10.11,236.58
2023-01-04 13:00:00,2256.43,9.56,235.81
2023-01-04 14:00:00,1962.09,9.03,235.71
2023-01-04 15:00:00,1685.91,8.56,234.76
2023-01-04 16:00:00,1596.94,8.41,231.94
2023-01-04 17:00:00,1693.27,8.58,231.14
2023-01-04 18:00:00,1694.83,8.58,233.33
2023-01-04 19:00:00,1616.03,8.44,235.85
2023-01-04 20:00:00,1396.78,8.04,240.09
2023-01-04 21:00:00,1108.22,7.39,248.72
2023-01-04 22:00:00,906.53,6.88,256.84
2023-01-04 23:00:00,583.58,6.07,274.05
2023-01-05 00:00:00,390.91,5.35,295.01
2023-01-05 01:00:00,221.71,4.55,314.98
2023-01-05 02:00:00,140.11,4.1,329.42
2023-01-05 03:00:00,128.92,4.04,338.12
2023-01-05 04:00:00,129.09,4.04,335.71
2023-01-05 05:00:00,157.25,4.2,331.66
2023-01-05 06:00:00,165.98,4.24,325.53
2023-01-05 07:00:00,123.67,4.01,319.0
2023-01-05 08:00:00,215.43,4.52,310.07
2023-01-05 09:00:00,456.6,5.61,304.27
2023-01-05 10:00:00,586.78,6.08,303.93
2023-01-05 11:00:00,842.22,6.72,301.94
2023-01-05 12:00:00,1062.98,7.27,299.98
2023-01-05 13:00:00,1128.03,7.44,297.99
2023-01-05 14:00:00,1520.05,8.27,297.31
2023-01-05 15:00:00,1778.12,8.72,298.5
2023-01-05 16:00:00,1693.24,8.58,300.71
2023-01-05 17:00:00,1458.01,8.15,301.98
2023-01-05 18:00:00,994.2,7.1,296.34
2023-01-05 19:00:00,802.53,6.62,282.95
2023-01-05 20:00:00,1183.67,7.57,276.73
2023-01-05 21:00:00,1315.73,7.87,277.27
2023-01-05 22:00:00,1051.84,7.25,271.83
2023-01-05 23:00:00,850.68,6.74,263.59
2023-01-06 00:00:00,865.84,6.78,257.96
2023-01-06 01:00:00,820.98,6.67,254.27
2023-01-06 02:00:00,730.71,6.44,245.18
2023-01-06 03:00:00,789.85,6.59,233.25
2023-01-06 04:00:00,984.04,7.08,225.41
2023-01-06 05:00:00,1015.37,7.16,220.02
2023-01-06 06:00:00,822.83,6.67,211.9
2023-01-06 07:00:00,1030.97,7.19,208.44
2023-01-06 08:00:00,1211.69,7.63,213.12
2023-01-06 09:00:00,1157.31,7.51,211.01
2023-01-06 10:00:00,1330.54,7.9,203.48
2023-01-06 11:00:00,1275.83,7.78,200.95
2023-01-06 12:00:00,1227.31,7.67,195.0
2023-01-06 13:00:00,1519.71,8.27,189.52
2023-01-06 14:00:00,1973.34,9.05,185.8
2023-01-06 15:00:00,2442.0,9.9,183.87
2023-01-06 16:00:00,2704.99,10.47,183.93
2023-01-06 17:00:00,2826.27,10.75,185.66
2023-01-06 18:00:00,2812.56,10.72,187.69
2023-01-06 19:00:00,2806.94,10.71,188.21
2023-01-06 20:00:00,2806.32,10.7,187.36
2023-01-06 21:00:00,2759.78,10.6,186.96
2023-01-06 22:00:00,2753.53,10.58,185.7
2023-01-06 23:00:00,2640.73,10.33,183.96
2023-01-07 00:00:00,2519.97,10.05,182.51
2023-01-07 01:00:00,2286.76,9.62,182.25
2023-01-07 02:00:00,2071.21,9.23,182.06
2023-01-07 03:00:00,1965.92,9.04,181.15
2023-01-07 04:00:00,1931.71,8.98,180.53
2023-01-07 05:00:00,1850.73,8.84,181.84
2023-01-07 06:00:00,1583.04,8.38,185.13
2023-01-07 07:00:00,1099.1,7.37,192.04
2023-01-07 08:00:00,652.68,6.25,205.01
2023-01-07 09:00:00,474.81,5.69,216.23
2023-01-07 10:00:00,693.25,6.35,217.57
2023-01-07 11:00:00,969.46,7.04,228.99
2023-01-07 12:00:00,1515.56,8.26,236.45
2023-01-07 13:00:00,2358.57,9.75,243.92
2023-01-07 14:00:00,2905.05,10.93,251.87
2023-01-07 15:00:00,3000.0,12.24,251.1
2023-01-07 16:00:00,3000.0,15.45,255.87
2023-01-07 17:00:00,3000.0,16.68,265.23
2023-01-07 18:00:00,3000.0,16.47,270.65
2023-01-07 19:00:00,3000.0,16.29,272.52
2023-01-07 20:00:00,3000.0,15.67,273.52
2023-01-07 21:00:00,3000.0,14.98,275.27
2023-01-07 22:00:00,3000.0,14.83,277.41
2023-01-07 23:00:00,3000.0,14.11,279.33
2023-01-08 00:00:00,3000.0,13.45,279.7
2023-01-08 01:00:00,3000.0,12.85,280.48
2023-01-08 02:00:00,3000.0,12.16,280.91
2023-01-08 03:00:00,2989.78,11.66,281.45
2023-01-08 04:00:00,2965.13,11.3,281.01
2023-01-08 05:00:00,2948.03,11.12,281.82
2023-01-08 06:00:00,2781.59,10.65,282.87
2023-01-08 07:00:00,2602.09,10.24,283.57
2023-01-08 08:00:00,2534.8,10.08,284.68
2023-01-08 09:00:00,2520.36,10.05,286.33
2023-01-08 10:00:00,2472.99,9.95,287.32
2023-01-08 11:00:00,2186.58,9.44,288.45
2023-01-08 12:00:00,1917.55,8.96,289.77
2023-01-08 13:00:00,1608.11,8.43,291.76
2023-01-08 14:00:00,1491.07,8.21,294.81
2023-01-08 15:00:00,1267.22,7.76,297.17
2023-01-08 16:00:00,1067.72,7.29,297.53
2023-01-08 17:00:00,932.15,6.95,299.63
2023-01-08 18:00:00,770.84,6.54,301.05
2023-01-08 19:00:00,580.02,6.07,302.64
2023-01-08 20:00:00,453.91,5.6,303.78
2023-01-08 21:00:00,328.15,5.1,301.95
2023-01-08 22:00:00,284.82,4.9,293.89
2023-01-08 23:00:00,220.46,4.55,287.21
2023-01-09 00:00:00,269.33,4.81,282.6
2023-01-09 01:00:00,291.36,4.94,282.34
2023-01-09 02:00:00,261.64,4.77,279.82
2023-01-09 03:00:00,282.51,4.89,279.77
2023-01-09 04:00:00,335.93,5.13,280.79
2023-01-09 05:00:00,324.81,5.09,281.72
2023-01-09 06:00:00,313.35,5.04,281.08
2023-01-09 07:00:00,340.58,5.15,278.48
2023-01-09 08:00:00,448.24,5.58,278.87
2023-01-09 09:00:00,539.38,5.94,281.49
2023-01-09 10:00:00,562.28,6.02,285.1
2023-01-09 11:00:00,547.17,5.97,286.21
2023-01-09 12:00:00,576.27,6.06,286.22
2023-01-09 13:00:00,482.1,5.71,287.04
2023-01-09 14:00:00,444.6,5.57,289.53
2023-01-09 15:00:00,468.28,5.66,294.25
2023-01-09 16:00:00,490.73,5.75,297.6
2023-01-09 17:00:00,460.13,5.63,299.99
2023-01-09 18:00:00,432.89,5.52,300.76
2023-01-09 19:00:00,453.27,5.6,301.81
2023-01-09 20:00:00,438.5,5.54,303.27
2023-01-09 21:00:00,485.85,5.73,304.33
2023-01-09 22:00:00,763.58,6.53,303.15
2023-01-09 23:00:00,697.64,6.36,303.42
2023-01-10 00:00:00,724.62,6.43,305.92
2023-01-10 01:00:00,812.39,6.65,311.13
2023-01-10 02:00:00,866.18,6.78,316.05
2023-01-10 03:00:00,884.62,6.83,319.66
2023-01-10 04:00:00,934.55,6.95,322.52
2023-01-10 05:00:00,794.52,6.6,325.02
2023-01-10 06:00:00,619.66,6.16,330.34
2023-01-10 07:00:00,486.72,5.73,330.37
2023-01-10 08:00:00,432.24,5.52,328.78
2023-01-10 09:00:00,476.12,5.69,327.44
2023-01-10 10:00:00,665.7,6.28,330.22
2023-01-10 11:00:00,634.81,6.2,332.81
2023-01-10 12:00:00,665.9,6.28,336.45
2023-01-10 13:00:00,704.5,6.38,341.79
2023-01-10 14:00:00,763.23,6.53,347.5
2023-01-10 15:00:00,752.66,6.5,353.57
2023-01-10 16:00:00,710.72,6.39,357.99
2023-01-10 17:00:00,594.28,6.1,0.99
2023-01-10 18:00:00,480.14,5.71,3.96
2023-01-10 19:00:00,399.81,5.39,7.28
2023-01-10 20:00:00,328.47,5.1,11.88
2023-01-10 21:00:00,323.91,5.08,15.96
2023-01-10 22:00:00,359.29,5.23,22.2
2023-01-10 23:00:00,282.89,4.89,26.78
2023-01-11 00:00:00,264.0,4.79,27.55
2023-01-11 01:00:00,252.62,4.72,28.2
2023-01-11 02:00:00,206.64,4.47,30.6
2023-01-11 03:00:00,164.04,4.23,31.39
2023-01-11 04:00:00,174.72,4.29,34.48
2023-01-11 05:00:00,149.78,4.15,37.9
2023-01-11 06:00:00,33.08,3.14,42.78
2023-01-11 07:00:00,17.93,2.94,47.25
2023-01-11 08:00:00,14.43,2.75,49.93
2023-01-11 09:00:00,7.32,2.37,53.12
2023-01-11 10:00:00,12.9,2.66,44.72
2023-01-11 11:00:00,10.92,2.55,44.29
2023-01-11 12:00:00,8.02,2.4,44.73
2023-01-11 13:00:00,10.1,2.51,47.69
2023-01-11 14:00:00,12.76,2.65,52.27
2023-01-11 15:00:00,21.89,3.03,57.32
2023-01-11 16:00:00,29.92,3.11,61.54
2023-01-11 17:00:00,17.54,2.92,66.35
2023-01-11 18:00:00,14.38,2.74,72.46
2023-01-11 19:00:00,14.84,2.77,79.87
2023-01-11 20:00:00,32.13,3.13,85.85
2023-01-11 21:00:00,76.23,3.55,90.46
2023-01-11 22:00:00,109.9,3.88,91.59
2023-01-11 23:00:00,125.9,4.02,97.45
2023-01-12 00:00:00,114.25,3.92,105.29
2023-01-12 01:00:00,132.39,4.06,110.46
2023-01-12 02:00:00,174.52,4.29,117.84
2023-01-12 03:00:00,211.31,4.5,127.43
2023-01-12 04:00:00,208.89,4.48,131.03
2023-01-12 05:00:00,169.7,4.26,125.81
2023-01-12 06:00:00,152.95,4.17,120.07
2023-01-12 07:00:00,115.66,3.94,124.25
2023-01-12 08:00:00,250.42,4.71,135.81
2023-01-12 09:00:00,253.25,4.73,140.67
2023-01-12 10:00:00,167.9,4.26,136.42
2023-01-12 11:00:00,178.6,4.31,128.07
2023-01-12 12:00:00,232.3,4.61,120.42
2023-01-12 13:00:00,493.0,5.76,118.81
2023-01-12 14:00:00,904.87,6.88,124.31
2023-01-12 15:00:00,1070.09,7.29,125.24
2023-01-12 16:00:00,1163.12,7.52,125.12
2023-01-12 17:00:00,1383.94,8.02,129.05
2023-01-12 18:00:00,1355.1,7.96,132.19
2023-01-12 19:00:00,1383.64,8.02,133.04
2023-01-12 20:00:00,1428.76,8.1,135.15
2023-01-12 21:00:00,1354.58,7.95,137.32
2023-01-12 22:00:00,1200.96,7.61,137.72
2023-01-12 23:00:00,1066.54,7.28,135.18
2023-01-13 00:00:00,1021.66,7.17,131.7
2023-01-13 01:00:00,1048.4,7.24,128.56
2023-01-13 02:00:00,1199.22,7.6,127.57
2023-01-13 03:00:00,1328.63,7.9,128.27
2023-01-13 04:00:00,1499.19,8.23,130.54
2023-01-13 05:00:00,1505.02,8.24,132.56
2023-01-13 06:00:00,1102.68,7.37,133.41
2023-01-13 07:00:00,927.52,6.94,134.19
2023-01-13 08:00:00,842.7,6.72,134.05
2023-01-13 09:00:00,795.77,6.61,131.49
2023-01-13 10:00:00,774.46,6.55,124.12
2023-01-13 11:00:00,1025.72,7.18,119.42
2023-01-13 12:00:00,1194.34,7.59,116.82
2023-01-13 13:00:00,1709.44,8.6,118.1
2023-01-13 14:00:00,2028.67,9.15,121.86
2023-01-13 15:00:00,2183.23,9.43,125.84
2023-01-13 16:00:00,2300.47,9.64,127.9
2023-01-13 17:00:00,2314.16,9.67,128.35
2023-01-13 18:00:00,2251.11,9.55,127.22
2023-01-13 19:00:00,2168.6,9.41,125.51
2023-01-13 20:00:00,2132.51,9.34,123.73
2023-01-13 21:00:00,2100.37,9.28,123.8
2023-01-13 22:00:00,1997.56,9.1,122.58
2023-01-13 23:00:00,1908.06,8.94,123.81
2023-01-14 00:00:00,1787.39,8.74,125.12
2023-01-14 01:00:00,1670.23,8.54,124.87
2023-01-14 02:00:00,1689.4,8.57,122.6
2023-01-14 03:00:00,1895.62,8.92,120.76
2023-01-14 04:00:00,2050.82,9.19,121.18
2023-01-14 05:00:00,1961.51,9.03,120.58
2023-01-14 06:00:00,1529.4,8.28,118.06
2023-01-14 07:00:00,1397.66,8.04,117.08
2023-01-14 08:00:00,1468.94,8.17,118.53
2023-01-14 09:00:00,1434.22,8.11,118.71
2023-01-14 10:00:00,1491.01,8.21,114.19
2023-01-14 11:00:00,1594.66,8.4,112.12
2023-01-14 12:00:00,1510.93,8.25,111.01
2023-01-14 13:00:00,1732.49,8.64,111.52
2023-01-14 14:00:00,1871.24,8.88,112.35
2023-01-14 15:00:00,1956.66,9.02,112.75
2023-01-14 16:00:00,2122.81,9.32,112.24
2023-01-14 17:00:00,2204.73,9.47,111.83
2023-01-14 18:00:00,2218.6,9.5,111.38
2023-01-14 19:00:00,2187.35,9.44,111.94
2023-01-14 20:00:00,2172.15,9.41,111.04
2023-01-14 21:00:00,2172.55,9.41,109.15
2023-01-14 22:00:00,2308.05,9.66,105.63
2023-01-14 23:00:00,2331.99,9.7,104.25
2023-01-15 00:00:00,2351.52,9.74,104.67
2023-01-15 01:00:00,2342.67,9.72,106.23
2023-01-15 02:00:00,2279.5,9.61,108.88
2023-01-15 03:00:00,2269.49,9.59,109.66
2023-01-15 04:00:00,2353.23,9.74,108.52
2023-01-15 05:00:00,2240.58,9.54,106.76
2023-01-15 06:00:00,1752.06,8.68,105.7
2023-01-15 07:00:00,1464.17,8.16,106.62
2023-01-15 08:00:00,1421.49,8.09,106.95
2023-01-15 09:00:00,1446.62,8.13,104.41
2023-01-15 10:00:00,1769.53,8.71,98.37
2023-01-15 11:00:00,1952.94,9.02,95.33
2023-01-15 12:00:00,2090.94,9.27,92.92
2023-01-15 13:00:00,2510.2,10.03,93.19
2023-01-15 14:00:00,2723.97,10.52,93.62
2023-01-15 15:00:00,2830.52,10.76,94.52
2023-01-15 16:00:00,2841.82,10.78,96.35
2023-01-15 17:00:00,2732.29,10.53,98.55
2023-01-15 18:00:00,2612.06,10.26,100.13
2023-01-15 19:00:00,2514.39,10.04,101.47
2023-01-15 20:00:00,2432.55,9.88,102.35
2023-01-15 21:00:00,2395.96,9.82,102.95
2023-01-15 22:00:00,2654.54,10.36,100.31
2023-01-15 23:00:00,2841.87,10.79,100.44
2023-01-16 00:00:00,2802.69,10.7,100.7
2023-01-16 01:00:00,2713.69,10.49,101.25
2023-01-16 02:00:00,2538.02,10.09,102.11
2023-01-16 03:00:00,2489.7,9.99,101.41
2023-01-16 04:00:00,2554.72,10.13,100.4
2023-01-16 05:00:00,2556.29,10.13,99.67
2023-01-16 06:00:00,2177.6,9.42,100.46
2023-01-16 07:00:00,1565.52,8.35,102.72
2023-01-16 08:00:00,1248.18,7.71,105.15
2023-01-16 09:00:00,1091.98,7.35,103.47
2023-01-16 10:00:00,1324.61,7.89,98.58
2023-01-16 11:00:00,1496.78,8.22,95.2
2023-01-16 12:00:00,1737.14,8.65,93.63
2023-01-16 13:00:00,2183.11,9.43,94.23
2023-01-16 14:00:00,2476.93,9.96,94.62
2023-01-16 15:00:00,2645.68,10.34,95.87
2023-01-16 16:00:00,2696.86,10.45,98.74
2023-01-16 17:00:00,2735.58,10.54,102.4
2023-01-16 18:00:00,2748.99,10.57,104.1
2023-01-16 19:00:00,2759.87,10.6,104.61
2023-01-16 20:00:00,2727.31,10.52,104.87
2023-01-16 21:00:00,2664.91,10.38,104.59
2023-01-16 22:00:00,2728.59,10.53,101.29
2023-01-16 23:00:00,2710.31,10.48,100.15
2023-01-17 00:00:00,2685.68,10.43,98.91
2023-01-17 01:00:00,2694.01,10.45,97.83
2023-01-17 02:00:00,2672.15,10.4,97.67
2023-01-17 03:00:00,2739.62,10.55,97.26
2023-01-17 04:00:00,2810.86,10.71,98.03
2023-01-17 05:00:00,2756.34,10.59,99.05
2023-01-17 06:00:00,2272.77,9.59,99.95
2023-01-17 07:00:00,2108.64,9.3,102.66
2023-01-17 08:00:00,1867.67,8.87,103.68
2023-01-17 09:00:00,1693.12,8.58,101.67
2023-01-17 10:00:00,1843.4,8.83,97.95
2023-01-17 11:00:00,1988.1,9.08,95.77
2023-01-17 12:00:00,1939.65,8.99,94.37
2023-01-17 13:00:00,2158.0,9.39,93.16
2023-01-17 14:00:00,2290.8,9.63,92.54
2023-01-17 15:00:00,2475.12,9.96,92.81
2023-01-17 16:00:00,2741.21,10.56,94.13
2023-01-17 17:00:00,2962.22,11.27,96.13
2023-01-17 18:00:00,2987.5,11.58,98.51
2023-01-17 19:00:00,2986.89,11.56,100.76
2023-01-17 20:00:00,2955.71,11.2,101.32
2023-01-17 21:00:00,2832.63,10.76,100.17
2023-01-17 22:00:00,2738.88,10.55,95.94
2023-01-17 23:00:00,2768.59,10.62,94.21
2023-01-18 00:00:00,2746.53,10.57,93.86
2023-01-18 01:00:00,2721.16,10.51,92.4
2023-01-18 02:00:00,2704.72,10.47,92.11
2023-01-18 03:00:00,2689.13,10.44,91.14
2023-01-18 04:00:00,2716.1,10.5,90.82
2023-01-18 05:00:00,2615.38,10.27,89.83
2023-01-18 06:00:00,2213.29,9.49,88.31
2023-01-18 07:00:00,1977.33,9.06,89.13
2023-01-18 08:00:00,1843.06,8.83,88.61
2023-01-18 09:00:00,1656.98,8.52,86.01
2023-01-18 10:00:00,1772.95,8.71,80.94
2023-01-18 11:00:00,1705.58,8.6,77.77
2023-01-18 12:00:00,1599.57,8.41,75.62
2023-01-18 13:00:00,1912.94,8.95,75.49
2023-01-18 14:00:00,2162.36,9.39,75.91
2023-01-18 15:00:00,2352.66,9.74,77.08
2023-01-18 16:00:00,2445.04,9.9,79.06
2023-01-18 17:00:00,2391.52,9.81,80.69
2023-01-18 18:00:00,2233.18,9.52,81.28
2023-01-18 19:00:00,2020.39,9.14,80.92
2023-01-18 20:00:00,1784.04,8.73,78.73
2023-01-18 21:00:00,1449.85,8.14,74.91
2023-01-18 22:00:00,1317.05,7.87,69.23
2023-01-18 23:00:00,1429.63,8.1,65.38
2023-01-19 00:00:00,1622.83,8.45,63.98
2023-01-19 01:00:00,1739.1,8.65,62.97
2023-01-19 02:00:00,1633.0,8.47,63.01
2023-01-19 03:00:00,1533.46,8.29,63.36
2023-01-19 04:00:00,1420.77,8.08,64.66
2023-01-19 05:00:00,1238.49,7.69,65.35
2023-01-19 06:00:00,784.77,6.58,64.41
2023-01-19 07:00:00,818.02,6.66,68.68
2023-01-19 08:00:00,751.93,6.5,70.25
2023-01-19 09:00:00,626.93,6.18,68.65
2023-01-19 10:00:00,668.45,6.29,67.96
2023-01-19 11:00:00,588.23,6.09,67.36
2023-01-19 12:00:00,464.45,5.64,65.41
2023-01-19 13:00:00,493.21,5.76,66.05
2023-01-19 14:00:00,664.84,6.28,67.8
2023-01-19 15:00:00,679.07,6.31,66.55
2023-01-19 16:00:00,607.23,6.13,59.81
2023-01-19 17:00:00,744.66,6.48,53.7
2023-01-19 18:00:00,1059.6,7.27,52.8
2023-01-19 19:00:00,1339.21,7.92,53.75
2023-01-19 20:00:00,1386.38,8.02,56.23
2023-01-19 21:00:00,1329.44,7.9,60.07
2023-01-19 22:00:00,1081.39,7.32,63.8
2023-01-19 23:00:00,1005.27,7.13,65.11
2023-01-20 00:00:00,987.11,7.09,65.16
2023-01-20 01:00:00,1085.22,7.33,65.16
2023-01-20 02:00:00,1191.01,7.59,66.29
2023-01-20 03:00:00,1302.74,7.84,66.69
2023-01-20 04:00:00,1254.2,7.73,69.0
2023-01-20 05:00:00,1123.95,7.43,70.95
2023-01-20 06:00:00,961.34,7.02,73.49
2023-01-20 07:00:00,1302.22,7.84,79.46
2023-01-20 08:00:00,1344.48,7.93,82.31
2023-01-20 09:00:00,1291.24,7.81,82.74
2023-01-20 10:00:00,1540.5,8.3,81.76
2023-01-20 11:00:00,1599.49,8.41,83.91
2023-01-20 12:00:00,1483.6,8.2,86.9
2023-01-20 13:00:00,1483.59,8.2,87.14
2023-01-20 14:00:00,1471.51,8.18,85.59
2023-01-20 15:00:00,1428.77,8.1,83.75
2023-01-20 16:00:00,1568.05,8.35,82.96
2023-01-20 17:00:00,1871.55,8.88,82.66
2023-01-20 18:00:00,2160.58,9.39,81.41
2023-01-20 19:00:00,2363.46,9.76,80.42
2023-01-20 20:00:00,2531.18,10.08,81.84
2023-01-20 21:00:00,2621.61,10.28,84.61
2023-01-20 22:00:00,2667.35,10.39,84.96
2023-01-20 23:00:00,2649.21,10.35,83.79
2023-01-21 00:00:00,2681.86,10.42,81.14
2023-01-21 01:00:00,2817.39,10.73,81.63
2023-01-21 02:00:00,2797.17,10.68,84.1
2023-01-21 03:00:00,2642.69,10.33,84.0
2023-01-21 04:00:00,2507.36,10.02,80.38
2023-01-21 05:00:00,2365.04,9.76,77.42
2023-01-21 06:00:00,2096.17,9.27,79.11
2023-01-21 07:00:00,1710.53,8.61,82.27
2023-01-21 08:00:00,1630.55,8.47,83.86
2023-01-21 09:00:00,1600.21,8.41,83.07
2023-01-21 10:00:00,1856.52,8.85,79.54
2023-01-21 11:00:00,1855.19,8.85,77.08
2023-01-21 12:00:00,1810.06,8.77,74.01
2023-01-21 13:00:00,2095.26,9.27,72.6
2023-01-21 14:00:00,2434.79,9.89,71.01
2023-01-21 15:00:00,2706.5,10.48,70.98
2023-01-21 16:00:00,2823.53,10.74,72.12
2023-01-21 17:00:00,2863.11,10.83,71.38
2023-01-21 18:00:00,2849.2,10.8,70.53
2023-01-21 19:00:00,2818.21,10.73,71.58
2023-01-21 20:00:00,2798.87,10.69,74.79
2023-01-21 21:00:00,2755.57,10.59,77.35
2023-01-21 22:00:00,2717.42,10.5,76.27
2023-01-21 23:00:00,2756.7,10.59,75.33
2023-01-22 00:00:00,2663.22,10.38,73.09
2023-01-22 01:00:00,2565.45,10.15,70.23
2023-01-22 02:00:00,2593.04,10.22,69.36
2023-01-22 03:00:00,2627.91,10.3,71.47
2023-01-22 04:00:00,2683.36,10.42,74.92
2023-01-22 05:00:00,2595.38,10.22,77.11
2023-01-22 06:00:00,2300.81,9.64,76.66
2023-01-22 07:00:00,2028.39,9.15,74.9
2023-01-22 08:00:00,2117.19,9.31,73.71
2023-01-22 09:00:00,2146.5,9.37,74.1
2023-01-22 10:00:00,2334.64,9.71,73.71
2023-01-22 11:00:00,2312.66,9.67,74.53
2023-01-22 12:00:00,2363.53,9.76,73.33
2023-01-22 13:00:00,2576.95,10.18,70.33
2023-01-22 14:00:00,2719.95,10.51,67.46
2023-01-22 15:00:00,2780.94,10.65,67.45
2023-01-22 16:00:00,2793.22,10.67,69.9
2023-01-22 17:00:00,2716.53,10.5,72.0
2023-01-22 18:00:00,2558.98,10.14,73.1
2023-01-22 19:00:00,2337.29,9.71,73.0
2023-01-22 20:00:00,2107.82,9.3,72.44
2023-01-22 21:00:00,1833.12,8.81,71.98
2023-01-22 22:00:00,1550.94,8.32,72.17
2023-01-22 23:00:00,1386.93,8.02,70.9
2023-01-23 00:00:00,1296.4,7.82,65.92
2023-01-23 01:00:00,1288.86,7.81,60.93
2023-01-23 02:00:00,1322.78,7.88,56.78
2023-01-23 03:00:00,1293.0,7.82,55.17
2023-01-23 04:00:00,1320.62,7.88,54.82
2023-01-23 05:00:00,1109.36,7.39,54.72
2023-01-23 06:00:00,604.16,6.13,53.33
2023-01-23 07:00:00,316.73,5.05,50.55
2023-01-23 08:00:00,233.43,4.62,47.94
2023-01-23 09:00:00,196.21,4.41,41.13
2023-01-23 10:00:00,204.7,4.46,31.37
2023-01-23 11:00:00,233.53,4.62,23.24
2023-01-23 12:00:00,317.25,5.06,11.83
2023-01-23 13:00:00,487.12,5.73,3.1
2023-01-23 14:00:00,826.56,6.68,358.82
2023-01-23 15:00:00,1248.21,7.71,359.36
2023-01-23 16:00:00,1570.6,8.36,4.45
2023-01-23 17:00:00,1498.88,8.23,9.59
2023-01-23 18:00:00,1214.18,7.64,12.38
2023-01-23 19:00:00,1002.83,7.12,12.71
2023-01-23 20:00:00,868.18,6.79,11.35
2023-01-23 21:00:00,818.24,6.66,7.9
2023-01-23 22:00:00,894.26,6.85,3.02
2023-01-23 23:00:00,846.49,6.73,1.9
2023-01-24 00:00:00,728.5,6.44,359.11
2023-01-24 01:00:00,590.08,6.09,355.46
2023-01-24 02:00:00,595.52,6.1,351.67
2023-01-24 03:00:00,669.8,6.29,351.03
2023-01-24 04:00:00,597.75,6.11,350.06
2023-01-24 05:00:00,524.0,5.88,347.76
2023-01-24 06:00:00,280.03,4.87,341.28
2023-01-24 07:00:00,220.83,4.55,337.07
2023-01-24 08:00:00,241.26,4.66,333.37
2023-01-24 09:00:00,361.03,5.23,336.32
2023-01-24 10:00:00,468.97,5.66,342.43
2023-01-24 11:00:00,494.09,5.76,348.87
2023-01-24 12:00:00,408.08,5.42,351.49
2023-01-24 13:00:00,338.4,5.14,354.5
2023-01-24 14:00:00,392.42,5.36,3.68
2023-01-24 15:00:00,412.31,5.44,14.94
2023-01-24 16:00:00,373.74,5.28,27.29
2023-01-24 17:00:00,362.61,5.24,41.76
2023-01-24 18:00:00,461.9,5.63,56.95
2023-01-24 19:00:00,579.82,6.06,68.75
2023-01-24 20:00:00,666.82,6.28,76.49
2023-01-24 21:00:00,710.06,6.39,80.75
2023-01-24 22:00:00,849.28,6.74,79.54
2023-01-24 23:00:00,892.76,6.85,79.85
2023-01-25 00:00:00,740.81,6.47,79.19
2023-01-25 01:00:00,607.5,6.13,76.95
2023-01-25 02:00:00,558.21,6.01,76.23
2023-01-25 03:00:00,498.56,5.78,76.25
2023-01-25 04:00:00,436.51,5.53,75.5
2023-01-25 05:00:00,430.33,5.51,75.67
2023-01-25 06:00:00,301.97,4.99,76.1
2023-01-25 07:00:00,237.8,4.64,75.32
2023-01-25 08:00:00,185.78,4.35,74.66
2023-01-25 09:00:00,120.46,3.98,73.35
2023-01-25 10:00:00,131.13,4.05,74.23
2023-01-25 11:00:00,114.51,3.93,71.02
2023-01-25 12:00:00,98.18,3.77,68.13
2023-01-25 13:00:00,133.27,4.06,67.89
2023-01-25 14:00:00,200.09,4.43,73.57
2023-01-25 15:00:00,219.68,4.54,78.39
2023-01-25 16:00:00,221.66,4.55,79.12
2023-01-25 17:00:00,211.67,4.5,79.38
2023-01-25 18:00:00,225.34,4.57,80.46
2023-01-25 19:00:00,223.52,4.56,83.92
2023-01-25 20:00:00,172.27,4.28,86.37
2023-01-25 21:00:00,92.45,3.71,83.98
2023-01-25 22:00:00,69.72,3.49,78.5
2023-01-25 23:00:00,68.23,3.47,72.11
2023-01-26 00:00:00,83.67,3.62,66.12
2023-01-26 01:00:00,120.52,3.99,65.0
2023-01-26 02:00:00,213.24,4.51,68.54
2023-01-26 03:00:00,266.28,4.8,78.62
2023-01-26 04:00:00,258.94,4.76,87.11
2023-01-26 05:00:00,150.8,4.16,86.76
2023-01-26 06:00:00,32.39,3.13,77.26
2023-01-26 07:00:00,11.64,2.59,70.76
2023-01-26 08:00:00,12.32,2.63,71.58
2023-01-26 09:00:00,15.45,2.8,73.46
2023-01-26 10:00:00,66.34,3.46,87.28
2023-01-26 11:00:00,121.61,4.0,90.92
2023-01-26 12:00:00,162.88,4.23,93.5
2023-01-26 13:00:00,239.4,4.65,101.06
2023-01-26 14:00:00,393.4,5.36,110.01
2023-01-26 15:00:00,454.97,5.61,118.32
2023-01-26 16:00:00,390.06,5.35,124.3
2023-01-26 17:00:00,249.43,4.71,129.37
2023-01-26 18:00:00,98.65,3.77,131.4
2023-01-26 19:00:00,18.56,2.98,129.5
2023-01-26 20:00:00,13.77,2.71,127.52
2023-01-26 21:00:00,11.21,2.57,125.83
2023-01-26 22:00:00,22.71,3.04,117.52
2023-01-26 23:00:00,55.41,3.35,110.26
2023-01-27 00:00:00,104.83,3.83,107.43
2023-01-27 01:00:00,148.15,4.15,107.72
2023-01-27 02:00:00,162.12,4.22,111.97
2023-01-27 03:00:00,145.09,4.13,119.71
2023-01-27 04:00:00,148.61,4.15,130.0
2023-01-27 05:00:00,156.31,4.19,136.94
2023-01-27 06:00:00,85.85,3.65,137.39
2023-01-27 07:00:00,10.79,2.54,129.62
2023-01-27 08:00:00,6.06,2.3,131.24
2023-01-27 09:00:00,6.2,2.31,138.93
2023-01-27 10:00:00,15.21,2.79,129.98
2023-01-27 11:00:00,49.27,3.29,124.95
2023-01-27 12:00:00,98.92,3.77,122.71
2023-01-27 13:00:00,232.1,4.61,118.87
2023-01-27 14:00:00,470.5,5.67,120.35
2023-01-27 15:00:00,630.18,6.19,124.74
2023-01-27 16:00:00,697.53,6.36,127.98
2023-01-27 17:00:00,603.81,6.13,129.46
2023-01-27 18:00:00,492.67,5.76,130.43
2023-01-27 19:00:00,419.87,5.47,131.28
2023-01-27 20:00:00,362.11,5.24,132.22
2023-01-27 21:00:00,303.91,5.0,133.59
2023-01-27 22:00:00,312.77,5.04,125.42
2023-01-27 23:00:00,355.09,5.21,120.5
2023-01-28 00:00:00,417.14,5.46,120.21
2023-01-28 01:00:00,453.79,5.6,121.7
2023-01-28 02:00:00,528.43,5.9,123.54
2023-01-28 03:00:00,570.96,6.04,124.22
2023-01-28 04:00:00,614.93,6.15,125.45
2023-01-28 05:00:00,612.65,6.15,127.69
2023-01-28 06:00:00,430.68,5.51,128.93
2023-01-28 07:00:00,182.1,4.33,126.46
2023-01-28 08:00:00,151.89,4.17,125.6
2023-01-28 09:00:00,168.7,4.26,128.21
2023-01-28 10:00:00,179.75,4.32,124.26
2023-01-28 11:00:00,190.54,4.38,119.79
2023-01-28 12:00:00,270.7,4.82,111.22
2023-01-28 13:00:00,524.03,5.88,108.61
2023-01-28 14:00:00,866.99,6.78,110.66
2023-01-28 15:00:00,951.82,7.0,114.46
2023-01-28 16:00:00,925.22,6.93,115.66
2023-01-28 17:00:00,902.68,6.87,114.88
2023-01-28 18:00:00,870.34,6.79,112.05
2023-01-28 19:00:00,897.35,6.86,109.01
2023-01-28 20:00:00,875.13,6.81,107.67
2023-01-28 21:00:00,871.5,6.8,108.97
2023-01-28 22:00:00,891.74,6.85,106.62
2023-01-28 23:00:00,788.11,6.59,106.9
2023-01-29 00:00:00,739.56,6.47,107.83
2023-01-29 01:00:00,732.8,6.45,105.43
2023-01-29 02:00:00,806.93,6.63,101.99
2023-01-29 03:00:00,952.71,7.0,98.71
2023-01-29 04:00:00,1114.88,7.4,98.24
2023-01-29 05:00:00,1156.54,7.51,99.13
2023-01-29 06:00:00,878.57,6.81,98.99
2023-01-29 07:00:00,622.96,6.17,98.79
2023-01-29 08:00:00,721.15,6.42,99.4
2023-01-29 09:00:00,817.14,6.66,98.69
2023-01-29 10:00:00,994.04,7.1,94.7
2023-01-29 11:00:00,1070.11,7.29,92.72
2023-01-29 12:00:00,1026.78,7.18,90.93
2023-01-29 13:00:00,1280.24,7.79,90.67
2023-01-29 14:00:00,1620.51,8.45,90.58
2023-01-29 15:00:00,1832.81,8.81,90.48
2023-01-29 16:00:00,1957.4,9.02,90.21
2023-01-29 17:00:00,2003.47,9.11,91.58
2023-01-29 18:00:00,1982.26,9.07,93.96
2023-01-29 19:00:00,1884.64,8.9,95.77
2023-01-29 20:00:00,1724.39,8.63,95.89
2023-01-29 21:00:00,1470.67,8.18,92.62
2023-01-29 22:00:00,1560.83,8.34,84.53
2023-01-29 23:00:00,1608.54,8.43,79.99
2023-01-30 00:00:00,1673.93,8.54,81.06
2023-01-30 01:00:00,1707.63,8.6,84.98
2023-01-30 02:00:00,1723.27,8.63,89.21
2023-01-30 03:00:00,1690.43,8.57,91.32
2023-01-30 04:00:00,1620.33,8.45,92.46
2023-01-30 05:00:00,1339.54,7.92,92.1
2023-01-30 06:00:00,753.31,6.5,85.89
2023-01-30 07:00:00,626.73,6.18,80.77
2023-01-30 08:00:00,565.21,6.03,78.39
2023-01-30 09:00:00,520.92,5.87,77.3
2023-01-30 10:00:00,642.96,6.22,77.92
2023-01-30 11:00:00,648.74,6.24,79.7
2023-01-30 12:00:00,616.28,6.16,83.82
2023-01-30 13:00:00,770.85,6.54,86.69
2023-01-30 14:00:00,1022.7,7.17,87.8
2023-01-30 15:00:00,1174.52,7.55,89.98
2023-01-30 16:00:00,1327.34,7.89,93.55
2023-01-30 17:00:00,1430.8,8.1,96.21
2023-01-30 18:00:00,1458.65,8.15,96.07
2023-01-30 19:00:00,1383.33,8.02,93.79
2023-01-30 20:00:00,1268.97,7.76,91.88
2023-01-30 21:00:00,1157.84,7.51,91.17
2023-01-30 22:00:00,1265.07,7.75,86.55
2023-01-30 23:00:00,1232.12,7.68,85.05
2023-01-31 00:00:00,1266.62,7.76,86.03
2023-01-31 01:00:00,1300.98,7.83,87.29
2023-01-31 02:00:00,1373.84,8.0,88.95
2023-01-31 03:00:00,1538.52,8.3,90.6
2023-01-31 04:00:00,1708.01,8.6,91.65
2023-01-31 05:00:00,1784.71,8.73,91.3
2023-01-31 06:00:00,1320.24,7.88,90.39
2023-01-31 07:00:00,1307.76,7.85,91.96
2023-01-31 08:00:00,1355.58,7.96,94.35
2023-01-31 09:00:00,1374.34,8.0,95.24
2023-01-31 10:00:00,1730.33,8.64,90.94
2023-01-31 11:00:00,1802.99,8.76,89.98
2023-01-31 12:00:00,1761.96,8.69,88.84
2023-01-31 13:00:00,2200.91,9.46,87.93
2023-01-31 14:00:00,2533.01,10.08,89.96
2023-01-31 15:00:00,2615.74,10.27,91.9
2023-01-31 16:00:00,2736.1,10.54,92.81
2023-01-31 17:00:00,2936.94,11.01,93.34
2023-01-31 18:00:00,2974.95,11.4,92.84
2023-01-31 19:00:00,2981.45,11.46,93.14
2023-01-31 20:00:00,2979.36,11.44,93.45
2023-01-31 21:00:00,2976.51,11.41,93.59
2023-01-31 22:00:00,2997.02,11.9,94.59
2023-01-31 23:00:00,3000.0,12.28,95.13
2023-02-01 00:00:00,3000.0,12.56,97.48
2023-02-01 01:00:00,3000.0,12.54,98.21
2023-02-01 02:00:00,3000.0,12.56,97.67
2023-02-01 03:00:00,3000.0,12.59,96.09
2023-02-01 04:00:00,3000.0,12.59,94.29
2023-02-01 05:00:00,3000.0,12.57,91.96
2023-02-01 06:00:00,2991.9,11.73,91.23
2023-02-01 07:00:00,2914.15,10.95,89.41
2023-02-01 08:00:00,2776.14,10.64,87.21
2023-02-01 09:00:00,2435.55,9.89,83.3
2023-02-01 10:00:00,2603.86,10.24,81.57
2023-02-01 11:00:00,2593.61,10.22,79.19
2023-02-01 12:00:00,2881.75,10.88,75.31
2023-02-01 13:00:00,2982.93,11.48,71.1
2023-02-01 14:00:00,2993.23,11.77,68.08
2023-02-01 15:00:00,2996.13,11.87,67.45
2023-02-01 16:00:00,2992.15,11.74,68.64
2023-02-01 17:00:00,2989.28,11.64,68.75
2023-02-01 18:00:00,2985.48,11.52,68.8
2023-02-01 19:00:00,2964.03,11.29,69.05
2023-02-01 20:00:00,2849.84,10.8,69.63
2023-02-01 21:00:00,2456.61,9.93,67.0
2023-02-01 22:00:00,2055.89,9.2,59.37
2023-02-01 23:00:00,1721.15,8.62,52.23
2023-02-02 00:00:00,1598.1,8.41,43.82
2023-02-02 01:00:00,1773.83,8.71,38.03
2023-02-02 02:00:00,2005.92,9.11,38.4
2023-02-02 03:00:00,1990.46,9.08,41.84
2023-02-02 04:00:00,1669.57,8.54,44.17
2023-02-02 05:00:00,1008.32,7.14,46.76
2023-02-02 06:00:00,370.23,5.27,47.9
2023-02-02 07:00:00,229.65,4.6,50.9
2023-02-02 08:00:00,151.7,4.16,48.58
2023-02-02 09:00:00,110.02,3.88,43.77
2023-02-02 10:00:00,188.82,4.37,48.97
2023-02-02 11:00:00,153.19,4.17,49.47
2023-02-02 12:00:00,143.34,4.12,51.74
2023-02-02 13:00:00,127.88,4.03,53.71
2023-02-02 14:00:00,133.47,4.06,51.78
2023-02-02 15:00:00,237.18,4.64,50.72
2023-02-02 16:00:00,458.15,5.62,55.36
2023-02-02 17:00:00,501.65,5.79,61.64
2023-02-02 18:00:00,414.4,5.45,67.79
2023-02-02 19:00:00,357.68,5.22,74.22
2023-02-02 20:00:00,440.3,5.55,77.98
2023-02-02 21:00:00,511.74,5.83,80.74
2023-02-02 22:00:00,572.72,6.05,83.36
2023-02-02 23:00:00,401.54,5.39,88.18
2023-02-03 00:00:00,333.04,5.12,89.84
2023-02-03 01:00:00,350.61,5.19,86.18
2023-02-03 02:00:00,284.85,4.9,84.21
2023-02-03 03:00:00,174.39,4.29,85.92
2023-02-03 04:00:00,121.57,4.0,86.21
2023-02-03 05:00:00,89.57,3.68,84.52
2023-02-03 06:00:00,85.46,3.64,83.07
2023-02-03 07:00:00,107.5,3.86,85.45
2023-02-03 08:00:00,121.15,3.99,89.68
2023-02-03 09:00:00,107.97,3.86,92.99
2023-02-03 10:00:00,120.97,3.99,96.68
2023-02-03 11:00:00,111.89,3.9,106.33
2023-02-03 12:00:00,153.44,4.17,112.07
2023-02-03 13:00:00,329.88,5.11,114.42
2023-02-03 14:00:00,593.89,6.1,119.56
2023-02-03 15:00:00,757.56,6.51,126.05
2023-02-03 16:00:00,726.61,6.43,132.32
2023-02-03 17:00:00,705.28,6.38,131.16
2023-02-03 18:00:00,797.38,6.61,124.66
2023-02-03 19:00:00,962.18,7.02,122.06
2023-02-03 20:00:00,1029.73,7.19,124.64
2023-02-03 21:00:00,1147.96,7.49,127.0
2023-02-03 22:00:00,1632.16,8.47,124.37
2023-02-03 23:00:00,1921.71,8.96,121.32
2023-02-04 00:00:00,1927.1,8.97,119.29
2023-02-04 01:00:00,2122.94,9.32,114.67
2023-02-04 02:00:00,2378.7,9.78,112.94
2023-02-04 03:00:00,2664.71,10.38,114.5
2023-02-04 04:00:00,2746.85,10.57,118.34
2023-02-04 05:00:00,2719.88,10.51,122.46
2023-02-04 06:00:00,2301.96,9.65,126.54
2023-02-04 07:00:00,1573.33,8.36,127.66
2023-02-04 08:00:00,849.61,6.74,127.56
2023-02-04 09:00:00,450.98,5.59,131.97
2023-02-04 10:00:00,460.6,5.63,134.08
2023-02-04 11:00:00,324.73,5.09,131.62
2023-02-04 12:00:00,244.25,4.68,132.79
2023-02-04 13:00:00,146.45,4.14,142.01
2023-02-04 14:00:00,65.39,3.45,158.22
2023-02-04 15:00:00,22.78,3.04,184.32
2023-02-04 16:00:00,48.69,3.29,217.7
2023-02-04 17:00:00,92.15,3.71,244.43
2023-02-04 18:00:00,106.81,3.85,267.08
2023-02-04 19:00:00,99.58,3.78,285.2
2023-02-04 20:00:00,83.88,3.63,299.89
2023-02-04 21:00:00,93.57,3.72,315.4
2023-02-04 22:00:00,97.97,3.76,318.48
2023-02-04 23:00:00,110.3,3.89,323.49
2023-02-05 00:00:00,141.16,4.11,325.38
2023-02-05 01:00:00,154.69,4.18,329.14
2023-02-05 02:00:00,140.13,4.1,335.13
2023-02-05 03:00:00,132.39,4.06,345.77
2023-02-05 04:00:00,99.61,3.78,5.05
2023-02-05 05:00:00,14.33,2.74,26.96
2023-02-05 06:00:00,0.0,0.48,340.39
2023-02-05 07:00:00,14.4,2.74,254.63
2023-02-05 08:00:00,102.97,3.81,261.29
2023-02-05 09:00:00,93.44,3.72,269.54
2023-02-05 10:00:00,12.95,2.66,280.77
2023-02-05 11:00:00,10.86,2.55,275.45
2023-02-05 12:00:00,11.53,2.59,266.29
2023-02-05 13:00:00,7.56,2.38,269.66
2023-02-05 14:00:00,5.94,2.3,267.41
2023-02-05 15:00:00,4.53,2.23,258.66
2023-02-05 16:00:00,0.0,1.71,260.99
2023-02-05 17:00:00,0.0,1.36,261.54
2023-02-05 18:00:00,0.0,1.3,242.71
2023-02-05 19:00:00,0.0,1.63,221.33
2023-02-05 20:00:00,0.67,2.03,208.88
2023-02-05 21:00:00,3.91,2.2,203.96
2023-02-05 22:00:00,11.42,2.58,202.1
2023-02-05 23:00:00,9.63,2.48,196.02
2023-02-06 00:00:00,8.45,2.42,185.25
2023-02-06 01:00:00,10.58,2.53,171.79
2023-02-06 02:00:00,18.08,2.95,159.24
2023-02-06 03:00:00,78.73,3.58,150.83
2023-02-06 04:00:00,130.36,4.05,145.98
2023-02-06 05:00:00,121.58,4.0,142.2
2023-02-06 06:00:00,84.43,3.63,143.71
2023-02-06 07:00:00,67.06,3.46,140.19
2023-02-06 08:00:00,65.4,3.45,127.78
2023-02-06 09:00:00,103.5,3.82,116.37
2023-02-06 10:00:00,171.89,4.28,112.73
2023-02-06 11:00:00,247.3,4.69,108.95
2023-02-06 12:00:00,428.29,5.5,107.46
2023-02-06 13:00:00,703.81,6.38,106.57
2023-02-06 14:00:00,1022.8,7.17,106.39
2023-02-06 15:00:00,1283.46,7.79,108.21
2023-02-06 16:00:00,1472.06,8.18,110.17
2023-02-06 17:00:00,1533.53,8.29,111.99
2023-02-06 18:00:00,1580.7,8.38,111.75
2023-02-06 19:00:00,1933.57,8.98,110.67
2023-02-06 20:00:00,1946.84,9.01,107.03
2023-02-06 21:00:00,1987.08,9.08,103.36
2023-02-06 22:00:00,2407.2,9.84,102.04
2023-02-06 23:00:00,2731.97,10.53,99.73
2023-02-07 00:00:00,2953.8,11.18,100.05
2023-02-07 01:00:00,2985.27,11.51,99.22
2023-02-07 02:00:00,2996.81,11.89,98.84
2023-02-07 03:00:00,3000.0,12.35,96.67
2023-02-07 04:00:00,3000.0,12.88,94.05
2023-02-07 05:00:00,3000.0,12.98,91.61
2023-02-07 06:00:00,3000.0,13.21,94.23
2023-02-07 07:00:00,3000.0,13.52,98.02
2023-02-07 08:00:00,3000.0,13.46,98.95
2023-02-07 09:00:00,3000.0,13.5,97.68
2023-02-07 10:00:00,3000.0,13.82,96.63
2023-02-07 11:00:00,3000.0,13.75,91.6
2023-02-07 12:00:00,3000.0,13.33,85.97
2023-02-07 13:00:00,3000.0,14.74,83.76
2023-02-07 14:00:00,3000.0,15.35,83.6
2023-02-07 15:00:00,3000.0,15.48,84.77
2023-02-07 16:00:00,3000.0,15.36,85.16
2023-02-07 17:00:00,3000.0,14.95,83.35
2023-02-07 18:00:00,3000.0,14.76,80.67
2023-02-07 19:00:00,3000.0,14.6,78.24
2023-02-07 20:00:00,3000.0,14.26,76.47
2023-02-07 21:00:00,3000.0,13.68,74.71
2023-02-07 22:00:00,3000.0,13.51,74.29
2023-02-07 23:00:00,3000.0,13.54,72.54
2023-02-08 00:00:00,3000.0,13.66,70.25
2023-02-08 01:00:00,3000.0,13.9,68.21
2023-02-08 02:00:00,3000.0,13.85,67.16
2023-02-08 03:00:00,3000.0,13.69,66.66
2023-02-08 04:00:00,3000.0,13.79,65.53
2023-02-08 05:00:00,3000.0,13.15,61.95
2023-02-08 06:00:00,3000.0,13.24,61.87
2023-02-08 07:00:00,3000.0,12.84,60.76
2023-02-08 08:00:00,3000.0,12.29,57.54
2023-02-08 09:00:00,2994.74,11.82,52.6
2023-02-08 10:00:00,2997.76,11.93,51.66
2023-02-08 11:00:00,2979.14,11.44,48.47
2023-02-08 12:00:00,2950.43,11.15,42.87
2023-02-08 13:00:00,2966.38,11.31,38.85
2023-02-08 14:00:00,2999.7,11.99,40.72
2023-02-08 15:00:00,3000.0,12.08,40.81
2023-02-08 16:00:00,3000.0,12.11,40.88
2023-02-08 17:00:00,2989.56,11.65,41.43
2023-02-08 18:00:00,2946.7,11.11,41.66
2023-02-08 19:00:00,2699.85,10.46,41.04
2023-02-08 20:00:00,2541.55,10.1,39.76
2023-02-08 21:00:00,2306.86,9.65,35.67
2023-02-08 22:00:00,2343.68,9.72,32.89
2023-02-08 23:00:00,2168.44,9.41,31.37
2023-02-09 00:00:00,1728.9,8.64,29.17
2023-02-09 01:00:00,1511.66,8.25,28.12
2023-02-09 02:00:00,1377.87,8.01,28.68
2023-02-09 03:00:00,1090.59,7.34,27.69
2023-02-09 04:00:00,805.21,6.63,27.2
2023-02-09 05:00:00,467.82,5.66,26.68
2023-02-09 06:00:00,196.96,4.42,22.44
2023-02-09 07:00:00,80.62,3.59,8.78
2023-02-09 08:00:00,78.95,3.58,347.78
2023-02-09 09:00:00,154.0,4.18,332.42
2023-02-09 10:00:00,287.37,4.91,321.78
2023-02-09 11:00:00,426.93,5.5,312.38
2023-02-09 12:00:00,607.06,6.13,307.72
2023-02-09 13:00:00,883.65,6.83,301.48
2023-02-09 14:00:00,1226.73,7.67,296.67
2023-02-09 15:00:00,1464.44,8.16,294.16
2023-02-09 16:00:00,1590.18,8.39,296.59
2023-02-09 17:00:00,1590.94,8.4,302.71
2023-02-09 18:00:00,1460.26,8.16,305.91
2023-02-09 19:00:00,1249.88,7.72,306.45
2023-02-09 20:00:00,1146.46,7.48,308.5
2023-02-09 21:00:00,1089.28,7.34,311.23
2023-02-09 22:00:00,1104.21,7.38,307.23
2023-02-09 23:00:00,989.08,7.09,303.25
2023-02-10 00:00:00,1149.19,7.49,300.91
2023-02-10 01:00:00,1321.94,7.88,306.2
2023-02-10 02:00:00,1360.16,7.97,308.71
2023-02-10 03:00:00,1349.1,7.94,305.94
2023-02-10 04:00:00,1305.33,7.84,303.69
2023-02-10 05:00:00,1292.06,7.81,305.23
2023-02-10 06:00:00,1233.5,7.68,306.09
2023-02-10 07:00:00,1172.25,7.54,299.33
2023-02-10 08:00:00,1352.5,7.95,293.88
2023-02-10 09:00:00,1696.85,8.58,291.01
2023-02-10 10:00:00,2276.9,9.6,288.17
2023-02-10 11:00:00,2441.41,9.9,286.25
2023-02-10 12:00:00,2614.74,10.27,285.42
2023-02-10 13:00:00,2682.37,10.42,285.51
2023-02-10 14:00:00,2808.59,10.71,287.65
2023-02-10 15:00:00,2764.92,10.61,291.43
2023-02-10 16:00:00,2759.86,10.6,292.68
2023-02-10 17:00:00,2728.81,10.53,292.5
2023-02-10 18:00:00,2697.63,10.46,291.95
2023-02-10 19:00:00,2614.97,10.27,292.07
2023-02-10 20:00:00,2314.26,9.67,294.97
2023-02-10 21:00:00,2059.88,9.21,298.33
2023-02-10 22:00:00,2007.29,9.11,297.04
2023-02-10 23:00:00,1857.28,8.85,296.8
2023-02-11 00:00:00,1849.47,8.84,294.69
2023-02-11 01:00:00,1804.45,8.76,294.97
2023-02-11 02:00:00,1670.66,8.54,295.38
2023-02-11 03:00:00,1498.88,8.23,294.08
2023-02-11 04:00:00,1435.75,8.11,296.84
2023-02-11 05:00:00,1314.59,7.86,302.24
2023-02-11 06:00:00,1117.53,7.41,303.3
2023-02-11 07:00:00,915.43,6.91,300.7
2023-02-11 08:00:00,771.26,6.55,295.01
2023-02-11 09:00:00,673.53,6.3,288.47
2023-02-11 10:00:00,548.36,5.98,286.48
2023-02-11 11:00:00,535.07,5.92,286.37
2023-02-11 12:00:00,605.44,6.13,288.66
2023-02-11 13:00:00,530.53,5.91,292.06
2023-02-11 14:00:00,417.01,5.46,294.73
2023-02-11 15:00:00,286.23,4.91,295.8
2023-02-11 16:00:00,197.73,4.42,297.41
2023-02-11 17:00:00,122.06,4.0,293.77
2023-02-11 18:00:00,84.23,3.63,295.09
2023-02-11 19:00:00,13.71,2.71,297.16
2023-02-11 20:00:00,0.0,1.95,290.45
2023-02-11 21:00:00,0.0,1.38,273.14
2023-02-11 22:00:00,0.0,0.99,255.45
2023-02-11 23:00:00,0.0,1.07,215.33
2023-02-12 00:00:00,0.0,1.76,187.28
2023-02-12 01:00:00,12.72,2.65,171.48
2023-02-12 02:00:00,61.05,3.4,169.06
2023-02-12 03:00:00,107.56,3.86,166.58
2023-02-12 04:00:00,135.71,4.08,169.53
2023-02-12 05:00:00,103.34,3.82,171.53
2023-02-12 06:00:00,66.7,3.46,160.1
2023-02-12 07:00:00,89.21,3.68,151.0
2023-02-12 08:00:00,135.42,4.07,149.33
2023-02-12 09:00:00,164.93,4.24,150.4
2023-02-12 10:00:00,241.52,4.66,149.28
2023-02-12 11:00:00,277.41,4.86,145.51
2023-02-12 12:00:00,350.92,5.19,138.57
2023-02-12 13:00:00,660.96,6.27,125.78
2023-02-12 14:00:00,1221.58,7.65,120.98
2023-02-12 15:00:00,1431.1,8.1,123.26
2023-02-12 16:00:00,1578.48,8.37,127.12
2023-02-12 17:00:00,1598.69,8.41,130.35
2023-02-12 18:00:00,1551.22,8.32,131.18
2023-02-12 19:00:00,1351.3,7.95,130.34
2023-02-12 20:00:00,1218.61,7.65,127.96
2023-02-12 21:00:00,1145.29,7.48,127.28
2023-02-12 22:00:00,1177.33,7.55,128.0
2023-02-12 23:00:00,994.81,7.1,125.12
2023-02-13 00:00:00,815.11,6.66,121.01
2023-02-13 01:00:00,707.08,6.38,114.68
2023-02-13 02:00:00,729.33,6.44,109.84
2023-02-13 03:00:00,839.09,6.72,106.26
2023-02-13 04:00:00,1035.22,7.21,108.11
2023-02-13 05:00:00,1150.98,7.49,111.1
2023-02-13 06:00:00,925.29,6.93,112.84
2023-02-13 07:00:00,970.0,7.04,114.46
2023-02-13 08:00:00,925.17,6.93,116.52
2023-02-13 09:00:00,752.46,6.5,117.08
2023-02-13 10:00:00,887.51,6.84,116.93
2023-02-13 11:00:00,904.83,6.88,115.24
2023-02-13 12:00:00,932.1,6.95,114.3
2023-02-13 13:00:00,1031.81,7.2,111.69
2023-02-13 14:00:00,1258.89,7.74,110.87
2023-02-13 15:00:00,1605.26,8.42,109.27
2023-02-13 16:00:00,1863.03,8.86,111.81
2023-02-13 17:00:00,1751.96,8.68,116.72
2023-02-13 18:00:00,1754.98,8.68,121.6
2023-02-13 19:00:00,1906.92,8.94,122.55
2023-02-13 20:00:00,2025.22,9.15,123.49
2023-02-13 21:00:00,2037.53,9.17,126.62
2023-02-13 22:00:00,2449.69,9.91,129.36
2023-02-13 23:00:00,2651.35,10.35,132.74
2023-02-14 00:00:00,2938.38,11.02,135.53
2023-02-14 01:00:00,2978.21,11.43,136.66
2023-02-14 02:00:00,2994.41,11.81,138.1
2023-02-14 03:00:00,2988.85,11.63,146.05
2023-02-14 04:00:00,2948.36,11.13,159.56
2023-02-14 05:00:00,2415.35,9.85,182.66
2023-02-14 06:00:00,2343.05,9.72,214.93
2023-02-14 07:00:00,2996.74,11.89,233.52
2023-02-14 08:00:00,3000.0,12.68,235.35
2023-02-14 09:00:00,3000.0,13.86,239.3
2023-02-14 10:00:00,3000.0,16.0,246.21
2023-02-14 11:00:00,3000.0,15.11,250.11
2023-02-14 12:00:00,3000.0,14.1,251.95
2023-02-14 13:00:00,3000.0,13.41,252.72
2023-02-14 14:00:00,3000.0,12.86,252.95
2023-02-14 15:00:00,2999.18,11.97,253.83
2023-02-14 16:00:00,2874.1,10.86,255.88
2023-02-14 17:00:00,2218.82,9.5,256.16
2023-02-14 18:00:00,1359.79,7.97,251.49
2023-02-14 19:00:00,688.58,6.34,237.14
2023-02-14 20:00:00,672.97,6.3,212.37
2023-02-14 21:00:00,1285.38,7.8,201.75
2023-02-14 22:00:00,2090.41,9.26,199.9
2023-02-14 23:00:00,2104.69,9.29,202.19
2023-02-15 00:00:00,1873.67,8.88,205.01
2023-02-15 01:00:00,1394.33,8.04,204.33
2023-02-15 02:00:00,1128.2,7.44,199.14
2023-02-15 03:00:00,1117.41,7.41,191.97
2023-02-15 04:00:00,1348.77,7.94,186.68
2023-02-15 05:00:00,1635.77,8.48,183.93
2023-02-15 06:00:00,1323.19,7.88,182.27
2023-02-15 07:00:00,1011.13,7.15,180.5
2023-02-15 08:00:00,876.08,6.81,180.66
2023-02-15 09:00:00,752.46,6.5,177.49
2023-02-15 10:00:00,589.64,6.09,169.02
2023-02-15 11:00:00,596.92,6.11,156.66
2023-02-15 12:00:00,1010.02,7.14,143.04
2023-02-15 13:00:00,1805.95,8.77,133.05
2023-02-15 14:00:00,2551.9,10.12,129.99
2023-02-15 15:00:00,2739.21,10.55,128.25
2023-02-15 16:00:00,2691.39,10.44,125.93
2023-02-15 17:00:00,2693.44,10.45,122.62
2023-02-15 18:00:00,2826.54,10.75,119.81
2023-02-15 19:00:00,2904.95,10.93,117.5
2023-02-15 20:00:00,2942.69,11.07,115.27
2023-02-15 21:00:00,2950.93,11.15,113.68
2023-02-15 22:00:00,2962.86,11.27,111.84
2023-02-15 23:00:00,2933.98,11.0,109.23
2023-02-16 00:00:00,2948.63,11.13,106.16
2023-02-16 01:00:00,2973.77,11.39,103.76
2023-02-16 02:00:00,2990.13,11.67,102.93
2023-02-16 03:00:00,2983.66,11.49,103.73
2023-02-16 04:00:00,2992.17,11.74,105.49
2023-02-16 05:00:00,2856.29,10.82,106.96
2023-02-16 06:00:00,2728.29,10.53,109.99
2023-02-16 07:00:00,2697.44,10.46,112.5
2023-02-16 08:00:00,2518.82,10.05,114.0
2023-02-16 09:00:00,2279.6,9.61,114.79
2023-02-16 10:00:00,2367.02,9.76,117.15
2023-02-16 11:00:00,2087.46,9.26,120.26
2023-02-16 12:00:00,1725.57,8.63,127.06
2023-02-16 13:00:00,1636.79,8.48,123.57
2023-02-16 14:00:00,1829.56,8.81,119.68
2023-02-16 15:00:00,1277.84,7.78,129.15
2023-02-16 16:00:00,606.36,6.13,157.08
2023-02-16 17:00:00,441.9,5.56,203.48
2023-02-16 18:00:00,1204.17,7.62,243.93
2023-02-16 19:00:00,2482.17,9.97,261.29
2023-02-16 20:00:00,2798.63,10.69,267.33
2023-02-16 21:00:00,2761.17,10.6,270.85
2023-02-16 22:00:00,2821.76,10.74,269.59
2023-02-16 23:00:00,2783.32,10.65,270.17
2023-02-17 00:00:00,2671.89,10.4,268.75
2023-02-17 01:00:00,2466.88,9.94,269.37
2023-02-17 02:00:00,2082.75,9.25,268.29
2023-02-17 03:00:00,1730.33,8.64,263.77
2023-02-17 04:00:00,1617.59,8.44,256.39
2023-02-17 05:00:00,1996.79,9.1,255.14
2023-02-17 06:00:00,2028.03,9.15,255.06
2023-02-17 07:00:00,2054.54,9.2,255.61
2023-02-17 08:00:00,2151.77,9.38,256.02
2023-02-17 09:00:00,2310.71,9.66,255.35
2023-02-17 10:00:00,2693.78,10.45,254.02
2023-02-17 11:00:00,2686.85,10.43,255.34
2023-02-17 12:00:00,2605.5,10.25,257.11
2023-02-17 13:00:00,1868.1,8.87,261.14
2023-02-17 14:00:00,1200.24,7.61,263.62
2023-02-17 15:00:00,529.09,5.9,265.53
2023-02-17 16:00:00,114.77,3.93,257.96
2023-02-17 17:00:00,70.08,3.49,230.09
2023-02-17 18:00:00,131.61,4.05,214.56
2023-02-17 19:00:00,174.99,4.29,216.14
2023-02-17 20:00:00,151.42,4.16,228.23
2023-02-17 21:00:00,165.71,4.24,249.28
2023-02-17 22:00:00,212.64,4.5,257.07
2023-02-17 23:00:00,276.22,4.85,260.89
2023-02-18 00:00:00,320.45,5.07,258.45
2023-02-18 01:00:00,372.91,5.28,255.39
2023-02-18 02:00:00,409.97,5.43,251.75
2023-02-18 03:00:00,464.09,5.64,246.83
2023-02-18 04:00:00,527.7,5.9,240.83
2023-02-18 05:00:00,505.03,5.81,235.87
2023-02-18 06:00:00,310.21,5.03,235.43
2023-02-18 07:00:00,352.32,5.2,240.08
2023-02-18 08:00:00,502.24,5.79,242.6
2023-02-18 09:00:00,620.54,6.17,238.39
2023-02-18 10:00:00,527.99,5.9,232.95
2023-02-18 11:00:00,544.73,5.96,227.01
2023-02-18 12:00:00,713.76,6.4,221.95
2023-02-18 13:00:00,401.47,5.39,216.06
2023-02-18 14:00:00,225.14,4.57,202.26
2023-02-18 15:00:00,322.29,5.08,185.99
2023-02-18 16:00:00,741.86,6.47,182.75
2023-02-18 17:00:00,1211.32,7.63,187.4
2023-02-18 18:00:00,1466.61,8.17,188.93
2023-02-18 19:00:00,1583.22,8.38,184.45
2023-02-18 20:00:00,1627.03,8.46,176.28
2023-02-18 21:00:00,1657.63,8.52,169.75
2023-02-18 22:00:00,1442.64,8.12,162.48
2023-02-18 23:00:00,1035.54,7.21,170.15
2023-02-19 00:00:00,750.68,6.49,189.31
2023-02-19 01:00:00,820.1,6.67,206.38
2023-02-19 02:00:00,1065.62,7.28,214.17
2023-02-19 03:00:00,1306.33,7.85,215.49
2023-02-19 04:00:00,1377.89,8.01,210.95
2023-02-19 05:00:00,1439.52,8.12,204.62
2023-02-19 06:00:00,1211.41,7.63,199.54
2023-02-19 07:00:00,946.39,6.98,197.78
2023-02-19 08:00:00,842.4,6.72,197.75
2023-02-19 09:00:00,777.51,6.56,196.61
2023-02-19 10:00:00,925.31,6.93,191.91
2023-02-19 11:00:00,1028.01,7.19,186.21
2023-02-19 12:00:00,1401.86,8.05,179.77
2023-02-19 13:00:00,2113.03,9.31,175.31
2023-02-19 14:00:00,2490.41,9.99,185.14
2023-02-19 15:00:00,2659.35,10.37,194.69
2023-02-19 16:00:00,2977.4,11.42,199.24
2023-02-19 17:00:00,2994.32,11.81,207.36
2023-02-19 18:00:00,2976.11,11.41,218.49
2023-02-19 19:00:00,2850.48,10.8,228.74
2023-02-19 20:00:00,2447.58,9.91,240.84
2023-02-19 21:00:00,2016.3,9.13,249.72
2023-02-19 22:00:00,1844.33,8.83,255.25
2023-02-19 23:00:00,1690.68,8.57,260.43
2023-02-20 00:00:00,1581.79,8.38,261.07
2023-02-20 01:00:00,1419.84,8.08,259.9
2023-02-20 02:00:00,1335.9,7.91,258.73
2023-02-20 03:00:00,1280.7,7.79,258.25
2023-02-20 04:00:00,1027.71,7.19,256.16
2023-02-20 05:00:00,829.28,6.69,251.43
2023-02-20 06:00:00,579.63,6.06,248.32
2023-02-20 07:00:00,509.19,5.82,245.45
2023-02-20 08:00:00,493.09,5.76,240.59
2023-02-20 09:00:00,515.87,5.85,236.15
2023-02-20 10:00:00,521.83,5.87,233.02
2023-02-20 11:00:00,627.85,6.19,227.87
2023-02-20 12:00:00,551.17,5.99,224.55
2023-02-20 13:00:00,648.75,6.24,215.45
2023-02-20 14:00:00,756.59,6.51,206.79
2023-02-20 15:00:00,885.09,6.83,194.96
2023-02-20 16:00:00,1225.86,7.66,184.49
2023-02-20 17:00:00,1766.91,8.7,184.74
2023-02-20 18:00:00,2039.36,9.17,187.54
2023-02-20 19:00:00,2123.21,9.32,191.15
2023-02-20 20:00:00,2136.65,9.35,190.42
2023-02-20 21:00:00,2163.17,9.4,183.07
2023-02-20 22:00:00,2647.13,10.34,174.21
2023-02-20 23:00:00,2840.22,10.78,163.83
2023-02-21 00:00:00,2991.69,11.72,159.36
2023-02-21 01:00:00,3000.0,12.67,162.15
2023-02-21 02:00:00,3000.0,13.33,163.79
2023-02-21 03:00:00,3000.0,14.16,166.02
2023-02-21 04:00:00,3000.0,14.37,177.76
2023-02-21 05:00:00,3000.0,13.87,194.91
2023-02-21 06:00:00,3000.0,13.12,213.06
2023-02-21 07:00:00,2987.89,11.6,226.8
2023-02-21 08:00:00,2574.26,10.17,238.29
2023-02-21 09:00:00,2484.86,9.98,253.07
2023-02-21 10:00:00,2394.64,9.81,267.88
2023-02-21 11:00:00,1644.83,8.49,279.56
2023-02-21 12:00:00,1432.58,8.11,285.54
2023-02-21 13:00:00,1630.58,8.47,294.08
2023-02-21 14:00:00,1771.47,8.71,299.16
2023-02-21 15:00:00,1511.43,8.25,302.39
2023-02-21 16:00:00,1339.88,7.92,304.9
2023-02-21 17:00:00,1204.62,7.62,305.86
2023-02-21 18:00:00,768.18,6.54,303.52
2023-02-21 19:00:00,455.67,5.61,294.54
2023-02-21 20:00:00,299.48,4.98,279.39
2023-02-21 21:00:00,228.43,4.59,261.31
2023-02-21 22:00:00,265.39,4.79,236.33
2023-02-21 23:00:00,577.1,6.06,223.72
2023-02-22 00:00:00,986.51,7.08,213.63
2023-02-22 01:00:00,1184.26,7.57,204.49
2023-02-22 02:00:00,1560.34,8.34,199.48
2023-02-22 03:00:00,2117.68,9.31,199.95
2023-02-22 04:00:00,2426.67,9.87,200.74
2023-02-22 05:00:00,2379.31,9.79,202.67
2023-02-22 06:00:00,2110.22,9.3,208.3
2023-02-22 07:00:00,2157.85,9.39,202.65
2023-02-22 08:00:00,2674.52,10.4,193.89
2023-02-22 09:00:00,2895.22,10.91,198.18
2023-02-22 10:00:00,3000.0,12.24,211.79
2023-02-22 11:00:00,3000.0,13.58,229.89
2023-02-22 12:00:00,3000.0,12.76,247.38
2023-02-22 13:00:00,3000.0,12.02,257.05
2023-02-22 14:00:00,2689.12,10.44,255.43
2023-02-22 15:00:00,1814.26,8.78,251.34
2023-02-22 16:00:00,1556.15,8.33,241.44
2023-02-22 17:00:00,2073.03,9.23,238.02
2023-02-22 18:00:00,2741.8,10.56,244.67
2023-02-22 19:00:00,3000.0,12.14,251.7
2023-02-22 20:00:00,3000.0,12.5,248.79
2023-02-22 21:00:00,3000.0,13.09,245.85
2023-02-22 22:00:00,3000.0,14.8,251.76
2023-02-22 23:00:00,3000.0,15.13,261.5
2023-02-23 00:00:00,3000.0,14.54,271.13
2023-02-23 01:00:00,3000.0,13.36,276.35
2023-02-23 02:00:00,3000.0,12.31,278.86
2023-02-23 03:00:00,2988.98,11.63,281.47
2023-02-23 04:00:00,2877.49,10.87,281.83
2023-02-23 05:00:00,2557.64,10.14,277.12
2023-02-23 06:00:00,2441.35,9.9,265.82
2023-02-23 07:00:00,2560.08,10.14,255.4
2023-02-23 08:00:00,2634.32,10.31,252.61
2023-02-23 09:00:00,2848.92,10.8,254.89
2023-02-23 10:00:00,2991.67,11.72,253.49
2023-02-23 11:00:00,3000.0,12.2,258.92
2023-02-23 12:00:00,2987.09,11.57,266.45
2023-02-23 13:00:00,2836.77,10.77,273.79
2023-02-23 14:00:00,2647.86,10.34,277.22
2023-02-23 15:00:00,2565.53,10.15,279.96
2023-02-23 16:00:00,2474.77,9.96,284.05
2023-02-23 17:00:00,2252.37,9.56,286.88
2023-02-23 18:00:00,2039.27,9.17,286.04
2023-02-23 19:00:00,1750.26,8.67,285.2
2023-02-23 20:00:00,1607.07,8.43,285.27
2023-02-23 21:00:00,1715.46,8.61,287.76
2023-02-23 22:00:00,1392.07,8.03,285.68
2023-02-23 23:00:00,1795.86,8.75,285.8
2023-02-24 00:00:00,1556.68,8.33,286.45
2023-02-24 01:00:00,1220.64,7.65,287.2
2023-02-24 02:00:00,843.75,6.73,286.72
2023-02-24 03:00:00,737.63,6.46,283.33
2023-02-24 04:00:00,764.48,6.53,280.42
2023-02-24 05:00:00,1214.4,7.64,283.79
2023-02-24 06:00:00,1279.75,7.79,285.11
2023-02-24 07:00:00,1220.82,7.65,282.26
2023-02-24 08:00:00,1290.45,7.81,278.6
2023-02-24 09:00:00,1502.39,8.23,278.41
2023-02-24 10:00:00,1852.7,8.85,278.76
2023-02-24 11:00:00,1978.96,9.06,280.74
2023-02-24 12:00:00,2015.58,9.13,282.47
2023-02-24 13:00:00,2011.63,9.12,284.11
2023-02-24 14:00:00,1848.0,8.84,286.71
2023-02-24 15:00:00,1802.97,8.76,288.4
2023-02-24 16:00:00,1632.66,8.47,288.88
2023-02-24 17:00:00,1468.27,8.17,289.02
2023-02-24 18:00:00,1291.85,7.81,288.75
2023-02-24 19:00:00,1110.54,7.39,286.79
2023-02-24 20:00:00,897.82,6.86,283.42
2023-02-24 21:00:00,817.92,6.66,281.51
2023-02-24 22:00:00,570.97,6.04,279.51
2023-02-24 23:00:00,477.26,5.7,279.2
2023-02-25 00:00:00,320.69,5.07,275.84
2023-02-25 01:00:00,197.75,4.42,272.69
2023-02-25 02:00:00,93.3,3.72,267.4
2023-02-25 03:00:00,46.67,3.27,247.85
2023-02-25 04:00:00,67.61,3.47,225.51
2023-02-25 05:00:00,60.9,3.4,202.18
2023-02-25 06:00:00,89.13,3.68,198.02
2023-02-25 07:00:00,152.14,4.17,189.54
2023-02-25 08:00:00,251.24,4.72,182.82
2023-02-25 09:00:00,354.9,5.21,178.26
2023-02-25 10:00:00,254.98,4.74,170.03
2023-02-25 11:00:00,355.03,5.21,160.65
2023-02-25 12:00:00,572.04,6.05,151.79
2023-02-25 13:00:00,1096.05,7.36,142.7
2023-02-25 14:00:00,2031.82,9.16,136.34
2023-02-25 15:00:00,2537.05,10.09,136.06
2023-02-25 16:00:00,2618.5,10.28,136.27
2023-02-25 17:00:00,2604.79,10.24,135.61
2023-02-25 18:00:00,2736.56,10.54,134.95
2023-02-25 19:00:00,2943.44,11.08,135.09
2023-02-25 20:00:00,2966.02,11.31,136.38
2023-02-25 21:00:00,2942.66,11.07,139.01
2023-02-25 22:00:00,2849.56,10.8,138.23
2023-02-25 23:00:00,2793.23,10.67,139.04
2023-02-26 00:00:00,2671.19,10.4,139.06
2023-02-26 01:00:00,2682.32,10.42,137.15
2023-02-26 02:00:00,2768.01,10.62,134.22
2023-02-26 03:00:00,2893.33,10.9,132.67
2023-02-26 04:00:00,2937.64,11.02,132.11
2023-02-26 05:00:00,2720.0,10.51,132.53
2023-02-26 06:00:00,2532.22,10.08,132.37
2023-02-26 07:00:00,2609.54,10.25,132.91
2023-02-26 08:00:00,2661.1,10.37,132.12
2023-02-26 09:00:00,2633.59,10.31,130.7
2023-02-26 10:00:00,2612.16,10.26,126.92
2023-02-26 11:00:00,2651.13,10.35,123.78
2023-02-26 12:00:00,2717.85,10.5,122.46
2023-02-26 13:00:00,2733.47,10.54,120.23
2023-02-26 14:00:00,2906.94,10.93,120.55
2023-02-26 15:00:00,2963.7,11.28,121.36
2023-02-26 16:00:00,2985.34,11.51,123.65
2023-02-26 17:00:00,2941.73,11.06,125.77
2023-02-26 18:00:00,2749.44,10.57,129.18
2023-02-26 19:00:00,2426.13,9.87,133.37
2023-02-26 20:00:00,1840.47,8.83,135.94
2023-02-26 21:00:00,1711.23,8.61,137.31
2023-02-26 22:00:00,2056.84,9.2,136.21
2023-02-26 23:00:00,2302.73,9.65,136.6
2023-02-27 00:00:00,2144.38,9.36,137.06
2023-02-27 01:00:00,1391.13,8.03,133.93
2023-02-27 02:00:00,1042.89,7.22,129.33
2023-02-27 03:00:00,1429.21,8.1,131.56
2023-02-27 04:00:00,1728.05,8.64,134.7
2023-02-27 05:00:00,1535.48,8.29,137.37
2023-02-27 06:00:00,1313.41,7.86,140.85
2023-02-27 07:00:00,1513.27,8.25,144.9
2023-02-27 08:00:00,1610.24,8.43,147.96
2023-02-27 09:00:00,1229.5,7.67,152.31
2023-02-27 10:00:00,885.64,6.83,155.55
2023-02-27 11:00:00,872.39,6.8,153.27
2023-02-27 12:00:00,867.23,6.79,149.1
2023-02-27 13:00:00,1199.54,7.6,143.27
2023-02-27 14:00:00,1834.06,8.81,146.34
2023-02-27 15:00:00,2215.98,9.49,151.8
2023-02-27 16:00:00,2308.65,9.66,158.08
2023-02-27 17:00:00,2208.82,9.48,162.33
2023-02-27 18:00:00,2061.95,9.21,166.78
2023-02-27 19:00:00,1916.2,8.95,172.14
2023-02-27 20:00:00,1986.37,9.08,178.77
2023-02-27 21:00:00,2103.3,9.29,186.02
2023-02-27 22:00:00,2299.66,9.64,193.47
2023-02-27 23:00:00,2264.25,9.58,199.42
2023-02-28 00:00:00,2069.98,9.23,206.96
