time_utc,total_production_active_power_kW
2024-04-04 00:00:00+00:00,0.0
2024-04-04 00:15:00+00:00,0.0
2024-04-04 00:30:00+00:00,0.0
2024-04-04 00:45:00+00:00,0.0
2024-04-04 01:00:00+00:00,0.0
2024-04-04 01:15:00+00:00,0.0
2024-04-04 01:30:00+00:00,0.0
2024-04-04 01:45:00+00:00,0.0
2024-04-04 02:00:00+00:00,0.0
2024-04-04 02:15:00+00:00,0.0
2024-04-04 02:30:00+00:00,0.0
2024-04-04 02:45:00+00:00,0.0
2024-04-04 03:00:00+00:00,0.0
2024-04-04 03:15:00+00:00,0.0
2024-04-04 03:30:00+00:00,0.0
2024-04-04 03:45:00+00:00,0.0
2024-04-04 04:00:00+00:00,0.0
2024-04-04 04:15:00+00:00,0.0
2024-04-04 04:30:00+00:00,0.0
2024-04-04 04:45:00+00:00,0.0
2024-04-04 05:00:00+00:00,0.0
2024-04-04 05:15:00+00:00,0.0
2024-04-04 05:30:00+00:00,0.0
2024-04-04 05:45:00+00:00,123.562225341797
2024-04-04 06:00:00+00:00,462.546661376953
2024-04-04 06:15:00+00:00,979.773315429688
2024-04-04 06:30:00+00:00,1609.69555664063
2024-04-04 06:45:00+00:00,2225.37329101563
2024-04-04 07:00:00+00:00,2854.70776367188
2024-04-04 07:15:00+00:00,3554.35888671875
2024-04-04 07:30:00+00:00,4233.73681640625
2024-04-04 07:45:00+00:00,4881.2578125
2024-04-04 08:00:00+00:00,5581.3955078125
2024-04-04 08:15:00+00:00,5946.3623046875
2024-04-04 08:30:00+00:00,6619.1044921875
2024-04-04 08:45:00+00:00,6886.1279296875
2024-04-04 09:00:00+00:00,7136.09228515625
2024-04-04 09:15:00+00:00,7674.4365234375
2024-04-04 09:30:00+00:00,8296.453125
2024-04-04 09:45:00+00:00,8830.97265625
2024-04-04 10:00:00+00:00,6621.3623046875
2024-04-04 10:15:00+00:00,6412.77685546875
2024-04-04 10:30:00+00:00,7995.82568359375
2024-04-04 10:45:00+00:00,8710.2236328125
2024-04-04 11:00:00+00:00,7749.92333984375
2024-04-04 11:15:00+00:00,9757.22265625
2024-04-04 11:30:00+00:00,9597.708984375
2024-04-04 11:45:00+00:00,6947.193359375
2024-04-04 12:00:00+00:00,9017.419921875
2024-04-04 12:15:00+00:00,8904.7666015625
2024-04-04 12:30:00+00:00,9516.4423828125
2024-04-04 12:45:00+00:00,9203.876953125
2024-04-04 13:00:00+00:00,8968.2978515625
2024-04-04 13:15:00+00:00,8728.427734375
2024-04-04 13:30:00+00:00,8445.9541015625
2024-04-04 13:45:00+00:00,8116.80224609375
2024-04-04 14:00:00+00:00,7774.9365234375
2024-04-04 14:15:00+00:00,7392.1767578125
2024-04-04 14:30:00+00:00,6963.41650390625
2024-04-04 14:45:00+00:00,6487.83984375
2024-04-04 15:00:00+00:00,5981.2578125
2024-04-04 15:15:00+00:00,5436.0244140625
2024-04-04 15:30:00+00:00,4858.06689453125
2024-04-04 15:45:00+00:00,4249.2080078125
2024-04-04 16:00:00+00:00,3618.6767578125
2024-04-04 16:15:00+00:00,2979.08227539063
2024-04-04 16:30:00+00:00,2303.98779296875
2024-04-04 16:45:00+00:00,1543.54223632813
2024-04-04 17:00:00+00:00,1106.77551269531
2024-04-04 17:15:00+00:00,669.845581054688
2024-04-04 17:30:00+00:00,418.087768554688
2024-04-04 17:45:00+00:00,200.938888549805
2024-04-04 18:00:00+00:00,0.867777764797211
2024-04-04 18:15:00+00:00,0.0
2024-04-04 18:30:00+00:00,0.0
2024-04-04 18:45:00+00:00,0.0
2024-04-04 19:00:00+00:00,0.0
2024-04-04 19:15:00+00:00,0.0
2024-04-04 19:30:00+00:00,0.0
2024-04-04 19:45:00+00:00,0.0
2024-04-04 20:00:00+00:00,0.0
2024-04-04 20:15:00+00:00,0.0
2024-04-04 20:30:00+00:00,0.0
2024-04-04 20:45:00+00:00,0.0
2024-04-04 21:00:00+00:00,0.0
2024-04-04 21:15:00+00:00,0.0
2024-04-04 21:30:00+00:00,0.0
2024-04-04 21:45:00+00:00,0.0
2024-04-04 22:00:00+00:00,0.0
2024-04-04 22:15:00+00:00,0.0
2024-04-04 22:30:00+00:00,0.0
2024-04-04 22:45:00+00:00,0.0
2024-04-04 23:00:00+00:00,0.0
2024-04-04 23:15:00+00:00,0.0
2024-04-04 23:30:00+00:00,0.0
2024-04-04 23:45:00+00:00,0.0
2024-04-05 00:00:00+00:00,0.0
2024-04-05 00:15:00+00:00,0.0
2024-04-05 00:30:00+00:00,0.0
2024-04-05 00:45:00+00:00,0.0
2024-04-05 01:00:00+00:00,0.0
2024-04-05 01:15:00+00:00,0.0
2024-04-05 01:30:00+00:00,0.0
2024-04-05 01:45:00+00:00,0.0
2024-04-05 02:00:00+00:00,0.0
2024-04-05 02:15:00+00:00,0.0
2024-04-05 02:30:00+00:00,0.0
2024-04-05 02:45:00+00:00,0.0
2024-04-05 03:00:00+00:00,0.0
2024-04-05 03:15:00+00:00,0.0
2024-04-05 03:30:00+00:00,0.0
2024-04-05 03:45:00+00:00,0.0
2024-04-05 04:00:00+00:00,0.0
2024-04-05 04:15:00+00:00,0.0
2024-04-05 04:30:00+00:00,0.0
2024-04-05 04:45:00+00:00,0.0
2024-04-05 05:00:00+00:00,0.0
2024-04-05 05:15:00+00:00,0.0
2024-04-05 05:30:00+00:00,0.0
2024-04-05 05:45:00+00:00,157.75666809082
2024-04-05 06:00:00+00:00,517.330017089844
2024-04-05 06:15:00+00:00,1013.45776367188
2024-04-05 06:30:00+00:00,1604.51220703125
2024-04-05 06:45:00+00:00,2195.91674804688
2024-04-05 07:00:00+00:00,2824.69555664063
2024-04-05 07:15:00+00:00,3468.40771484375
2024-04-05 07:30:00+00:00,4082.32885742188
2024-04-05 07:45:00+00:00,4677.4990234375
2024-04-05 08:00:00+00:00,5245.0087890625
2024-04-05 08:15:00+00:00,5766.9365234375
2024-04-05 08:30:00+00:00,6245.509765625
2024-04-05 08:45:00+00:00,6712.83544921875
2024-04-05 09:00:00+00:00,7105.203125
2024-04-05 09:15:00+00:00,7415.16650390625
2024-04-05 09:30:00+00:00,7692.1357421875
2024-04-05 09:45:00+00:00,7925.9833984375
2024-04-05 10:00:00+00:00,8106.8076171875
2024-04-05 10:15:00+00:00,8396.4970703125
2024-04-05 10:30:00+00:00,8658.337890625
2024-04-05 10:45:00+00:00,8933.6982421875
2024-04-05 11:00:00+00:00,9070.185546875
2024-04-05 11:15:00+00:00,9150.7734375
2024-04-05 11:30:00+00:00,9222.2841796875
2024-04-05 11:45:00+00:00,9229.58203125
2024-04-05 12:00:00+00:00,9227.275390625
2024-04-05 12:15:00+00:00,9157.544921875
2024-04-05 12:30:00+00:00,9029.904296875
2024-04-05 12:45:00+00:00,8873.8388671875
2024-04-05 13:00:00+00:00,8680.443359375
2024-04-05 13:15:00+00:00,8409.8115234375
2024-04-05 13:30:00+00:00,8139.50439453125
2024-04-05 13:45:00+00:00,7881.25
2024-04-05 14:00:00+00:00,7585.33447265625
2024-04-05 14:15:00+00:00,7213.9921875
2024-04-05 14:30:00+00:00,6805.75
2024-04-05 14:45:00+00:00,6362.10009765625
2024-04-05 15:00:00+00:00,5879.06884765625
2024-04-05 15:15:00+00:00,5356.68798828125
2024-04-05 15:30:00+00:00,4781.25341796875
2024-04-05 15:45:00+00:00,4167.33984375
2024-04-05 16:00:00+00:00,3544.36010742188
2024-04-05 16:15:00+00:00,2926.16455078125
2024-04-05 16:30:00+00:00,2297.97436523438
2024-04-05 16:45:00+00:00,1691.22106933594
2024-04-05 17:00:00+00:00,1126.19555664063
2024-04-05 17:15:00+00:00,630.821105957031
2024-04-05 17:30:00+00:00,305.637786865234
2024-04-05 17:45:00+00:00,121.383331298828
2024-04-05 18:00:00+00:00,0.0
2024-04-05 18:15:00+00:00,0.0
2024-04-05 18:30:00+00:00,0.0
2024-04-05 18:45:00+00:00,0.0
2024-04-05 19:00:00+00:00,0.0
2024-04-05 19:15:00+00:00,0.0
2024-04-05 19:30:00+00:00,0.0
2024-04-05 19:45:00+00:00,0.0
2024-04-05 20:00:00+00:00,0.0
2024-04-05 20:15:00+00:00,0.0
2024-04-05 20:30:00+00:00,0.0
2024-04-05 20:45:00+00:00,0.0
2024-04-05 21:00:00+00:00,0.0
2024-04-05 21:15:00+00:00,0.0
2024-04-05 21:30:00+00:00,0.0
2024-04-05 21:45:00+00:00,0.0
2024-04-05 22:00:00+00:00,0.0
2024-04-05 22:15:00+00:00,0.0
2024-04-05 22:30:00+00:00,0.0
2024-04-05 22:45:00+00:00,0.0
2024-04-05 23:00:00+00:00,0.0
2024-04-05 23:15:00+00:00,0.0
2024-04-05 23:30:00+00:00,0.0
2024-04-05 23:45:00+00:00,0.0
2024-04-06 00:00:00+00:00,0.0
2024-04-06 00:15:00+00:00,0.0
2024-04-06 00:30:00+00:00,0.0
2024-04-06 00:45:00+00:00,0.0
2024-04-06 01:00:00+00:00,0.0
2024-04-06 01:15:00+00:00,0.0
2024-04-06 01:30:00+00:00,0.0
2024-04-06 01:45:00+00:00,0.0
2024-04-06 02:00:00+00:00,0.0
2024-04-06 02:15:00+00:00,0.0
2024-04-06 02:30:00+00:00,0.0
2024-04-06 02:45:00+00:00,0.0
2024-04-06 03:00:00+00:00,0.0
2024-04-06 03:15:00+00:00,0.0
2024-04-06 03:30:00+00:00,0.0
2024-04-06 03:45:00+00:00,0.0
2024-04-06 04:00:00+00:00,0.0
2024-04-06 04:15:00+00:00,0.0
2024-04-06 04:30:00+00:00,0.0
2024-04-06 04:45:00+00:00,0.0
2024-04-06 05:00:00+00:00,0.0
2024-04-06 05:15:00+00:00,0.0
2024-04-06 05:30:00+00:00,0.0
2024-04-06 05:45:00+00:00,170.22444152832
2024-04-06 06:00:00+00:00,528.547790527344
2024-04-06 06:15:00+00:00,1030.95666503906
2024-04-06 06:30:00+00:00,1645.80554199219
2024-04-06 06:45:00+00:00,2248.02783203125
2024-04-06 07:00:00+00:00,2825.92993164063
2024-04-06 07:15:00+00:00,3453.24438476563
2024-04-06 07:30:00+00:00,4052.76879882813
2024-04-06 07:45:00+00:00,4614.048828125
2024-04-06 08:00:00+00:00,5183.70458984375
2024-04-06 08:15:00+00:00,5704.48779296875
2024-04-06 08:30:00+00:00,6172.40576171875
2024-04-06 08:45:00+00:00,6625.080078125
2024-04-06 09:00:00+00:00,7040.94091796875
2024-04-06 09:15:00+00:00,7441.767578125
2024-04-06 09:30:00+00:00,7780.09228515625
2024-04-06 09:45:00+00:00,8047.39208984375
2024-04-06 10:00:00+00:00,8301.0615234375
2024-04-06 10:15:00+00:00,8556.1806640625
2024-04-06 10:30:00+00:00,8712.4931640625
2024-04-06 10:45:00+00:00,8856.9365234375
2024-04-06 11:00:00+00:00,8989.705078125
2024-04-06 11:15:00+00:00,9017.97265625
2024-04-06 11:30:00+00:00,9076.916015625
2024-04-06 11:45:00+00:00,9098.9482421875
2024-04-06 12:00:00+00:00,9077.728515625
2024-04-06 12:15:00+00:00,9056.0908203125
2024-04-06 12:30:00+00:00,8970.9833984375
2024-04-06 12:45:00+00:00,8843.7275390625
2024-04-06 13:00:00+00:00,8645.7919921875
2024-04-06 13:15:00+00:00,8415.1513671875
2024-04-06 13:30:00+00:00,8169.9345703125
2024-04-06 13:45:00+00:00,7884.4775390625
2024-04-06 14:00:00+00:00,7538.99462890625
2024-04-06 14:15:00+00:00,7102.57421875
2024-04-06 14:30:00+00:00,6676.43310546875
2024-04-06 14:45:00+00:00,6161.69677734375
2024-04-06 15:00:00+00:00,5624.3544921875
2024-04-06 15:15:00+00:00,4811.7275390625
2024-04-06 15:30:00+00:00,4115.55126953125
2024-04-06 15:45:00+00:00,3379.03564453125
2024-04-06 16:00:00+00:00,2772.62768554688
2024-04-06 16:15:00+00:00,2364.32006835938
2024-04-06 16:30:00+00:00,2033.46557617188
2024-04-06 16:45:00+00:00,1665.06225585938
2024-04-06 17:00:00+00:00,948.64111328125
2024-04-06 17:15:00+00:00,567.5966796875
2024-04-06 17:30:00+00:00,440.209991455078
2024-04-06 17:45:00+00:00,137.555557250977
2024-04-06 18:00:00+00:00,0.0
2024-04-06 18:15:00+00:00,0.0
2024-04-06 18:30:00+00:00,0.0
2024-04-06 18:45:00+00:00,0.0
2024-04-06 19:00:00+00:00,0.0
2024-04-06 19:15:00+00:00,0.0
2024-04-06 19:30:00+00:00,0.0
2024-04-06 19:45:00+00:00,0.0
2024-04-06 20:00:00+00:00,0.0
2024-04-06 20:15:00+00:00,0.0
2024-04-06 20:30:00+00:00,0.0
2024-04-06 20:45:00+00:00,0.0
2024-04-06 21:00:00+00:00,0.0
2024-04-06 21:15:00+00:00,0.0
2024-04-06 21:30:00+00:00,0.0
2024-04-06 21:45:00+00:00,0.0
2024-04-06 22:00:00+00:00,0.0
2024-04-06 22:15:00+00:00,0.0
2024-04-06 22:30:00+00:00,0.0
2024-04-06 22:45:00+00:00,0.0
2024-04-06 23:00:00+00:00,0.0
2024-04-06 23:15:00+00:00,0.0
2024-04-06 23:30:00+00:00,0.0
2024-04-06 23:45:00+00:00,0.0
2024-04-07 00:00:00+00:00,0.0
2024-04-07 00:15:00+00:00,0.0
2024-04-07 00:30:00+00:00,0.0
2024-04-07 00:45:00+00:00,0.0
2024-04-07 01:00:00+00:00,0.0
2024-04-07 01:15:00+00:00,0.0
2024-04-07 01:30:00+00:00,0.0
2024-04-07 01:45:00+00:00,0.0
2024-04-07 02:00:00+00:00,0.0
2024-04-07 02:15:00+00:00,0.0
2024-04-07 02:30:00+00:00,0.0
2024-04-07 02:45:00+00:00,0.0
2024-04-07 03:00:00+00:00,0.0
2024-04-07 03:15:00+00:00,0.0
2024-04-07 03:30:00+00:00,0.0
2024-04-07 03:45:00+00:00,0.0
2024-04-07 04:00:00+00:00,0.0
2024-04-07 04:15:00+00:00,0.0
2024-04-07 04:30:00+00:00,0.0
2024-04-07 04:45:00+00:00,0.0
2024-04-07 05:00:00+00:00,0.0
2024-04-07 05:15:00+00:00,0.0
2024-04-07 05:30:00+00:00,0.0
2024-04-07 05:45:00+00:00,139.027770996094
2024-04-07 06:00:00+00:00,532.359985351563
2024-04-07 06:15:00+00:00,1035.60559082031
2024-04-07 06:30:00+00:00,1642.80224609375
2024-04-07 06:45:00+00:00,2237.94677734375
2024-04-07 07:00:00+00:00,2815.53344726563
2024-04-07 07:15:00+00:00,3428.28881835938
2024-04-07 07:30:00+00:00,4022.24438476563
2024-04-07 07:45:00+00:00,4581.75537109375
2024-04-07 08:00:00+00:00,5125.67333984375
2024-04-07 08:15:00+00:00,5659.58984375
2024-04-07 08:30:00+00:00,6157.9775390625
2024-04-07 08:45:00+00:00,6613.1708984375
2024-04-07 09:00:00+00:00,7046.11767578125
2024-04-07 09:15:00+00:00,7427.69775390625
2024-04-07 09:30:00+00:00,7804.3212890625
2024-04-07 09:45:00+00:00,8076.10107421875
2024-04-07 10:00:00+00:00,8334.73046875
2024-04-07 10:15:00+00:00,8611.72265625
2024-04-07 10:30:00+00:00,8841.66796875
2024-04-07 10:45:00+00:00,9001.5419921875
2024-04-07 11:00:00+00:00,9118.1611328125
2024-04-07 11:15:00+00:00,9180.9482421875
2024-04-07 11:30:00+00:00,9219.6962890625
2024-04-07 11:45:00+00:00,9220.205078125
2024-04-07 12:00:00+00:00,9150.1533203125
2024-04-07 12:15:00+00:00,9037.0234375
2024-04-07 12:30:00+00:00,8904.880859375
2024-04-07 12:45:00+00:00,8783.5693359375
2024-04-07 13:00:00+00:00,8582.3701171875
2024-04-07 13:15:00+00:00,8367.5185546875
2024-04-07 13:30:00+00:00,8137.36669921875
2024-04-07 13:45:00+00:00,7878.0
2024-04-07 14:00:00+00:00,7557.2568359375
2024-04-07 14:15:00+00:00,7180.03564453125
2024-04-07 14:30:00+00:00,6733.6435546875
2024-04-07 14:45:00+00:00,6270.11572265625
2024-04-07 15:00:00+00:00,5777.7646484375
2024-04-07 15:15:00+00:00,5245.52978515625
2024-04-07 15:30:00+00:00,4709.13330078125
2024-04-07 15:45:00+00:00,4050.8623046875
2024-04-07 16:00:00+00:00,3450.83666992188
2024-04-07 16:15:00+00:00,3055.20434570313
2024-04-07 16:30:00+00:00,2357.09765625
2024-04-07 16:45:00+00:00,1703.74780273438
2024-04-07 17:00:00+00:00,1380.91003417969
2024-04-07 17:15:00+00:00,863.296691894531
2024-04-07 17:30:00+00:00,623.132202148438
2024-04-07 17:45:00+00:00,413.092224121094
2024-04-07 18:00:00+00:00,58.5200004577637
2024-04-07 18:15:00+00:00,0.0
2024-04-07 18:30:00+00:00,0.0
2024-04-07 18:45:00+00:00,0.0
2024-04-07 19:00:00+00:00,0.0
2024-04-07 19:15:00+00:00,0.0
2024-04-07 19:30:00+00:00,0.0
2024-04-07 19:45:00+00:00,0.0
2024-04-07 20:00:00+00:00,0.0
2024-04-07 20:15:00+00:00,0.0
2024-04-07 20:30:00+00:00,0.0
2024-04-07 20:45:00+00:00,0.0
2024-04-07 21:00:00+00:00,0.0
2024-04-07 21:15:00+00:00,0.0
2024-04-07 21:30:00+00:00,0.0
2024-04-07 21:45:00+00:00,0.0
2024-04-07 22:00:00+00:00,0.0
2024-04-07 22:15:00+00:00,0.0
2024-04-07 22:30:00+00:00,0.0
2024-04-07 22:45:00+00:00,0.0
2024-04-07 23:00:00+00:00,0.0
2024-04-07 23:15:00+00:00,0.0
2024-04-07 23:30:00+00:00,0.0
2024-04-07 23:45:00+00:00,0.0
2024-04-08 00:00:00+00:00,0.0
2024-04-08 00:15:00+00:00,0.0
2024-04-08 00:30:00+00:00,0.0
2024-04-08 00:45:00+00:00,0.0
2024-04-08 01:00:00+00:00,0.0
2024-04-08 01:15:00+00:00,0.0
2024-04-08 01:30:00+00:00,0.0
2024-04-08 01:45:00+00:00,0.0
2024-04-08 02:00:00+00:00,0.0
2024-04-08 02:15:00+00:00,0.0
2024-04-08 02:30:00+00:00,0.0
2024-04-08 02:45:00+00:00,0.0
2024-04-08 03:00:00+00:00,0.0
2024-04-08 03:15:00+00:00,0.0
2024-04-08 03:30:00+00:00,0.0
2024-04-08 03:45:00+00:00,0.0
2024-04-08 04:00:00+00:00,0.0
2024-04-08 04:15:00+00:00,0.0
2024-04-08 04:30:00+00:00,0.0
2024-04-08 04:45:00+00:00,0.0
2024-04-08 05:00:00+00:00,0.0
2024-04-08 05:15:00+00:00,0.0
2024-04-08 05:30:00+00:00,0.0
2024-04-08 05:45:00+00:00,196.91667175293
2024-04-08 06:00:00+00:00,577.748901367188
2024-04-08 06:15:00+00:00,1097.97448730469
2024-04-08 06:30:00+00:00,1713.42004394531
2024-04-08 06:45:00+00:00,2397.3955078125
2024-04-08 07:00:00+00:00,3111.90673828125
2024-04-08 07:15:00+00:00,3792.91552734375
2024-04-08 07:30:00+00:00,4489.5224609375
2024-04-08 07:45:00+00:00,5137.9755859375
2024-04-08 08:00:00+00:00,5714.99755859375
2024-04-08 08:15:00+00:00,6241.56982421875
2024-04-08 08:30:00+00:00,6748.98681640625
2024-04-08 08:45:00+00:00,7211.453125
2024-04-08 09:00:00+00:00,7640.080078125
2024-04-08 09:15:00+00:00,8001.04541015625
2024-04-08 09:30:00+00:00,8384.5673828125
2024-04-08 09:45:00+00:00,8597.0869140625
2024-04-08 10:00:00+00:00,8832.5146484375
2024-04-08 10:15:00+00:00,9083.4951171875
2024-04-08 10:30:00+00:00,9233.0830078125
2024-04-08 10:45:00+00:00,9249.595703125
2024-04-08 11:00:00+00:00,9329.52734375
2024-04-08 11:15:00+00:00,9448.2900390625
2024-04-08 11:30:00+00:00,9365.5556640625
2024-04-08 11:45:00+00:00,9507.298828125
2024-04-08 12:00:00+00:00,9519.0693359375
2024-04-08 12:15:00+00:00,9463.2470703125
2024-04-08 12:30:00+00:00,9415.7841796875
2024-04-08 12:45:00+00:00,9252.9580078125
2024-04-08 13:00:00+00:00,9071.1640625
2024-04-08 13:15:00+00:00,8843.8369140625
2024-04-08 13:30:00+00:00,8567.91015625
2024-04-08 13:45:00+00:00,8268.646484375
2024-04-08 14:00:00+00:00,7909.982421875
2024-04-08 14:15:00+00:00,7505.3466796875
2024-04-08 14:30:00+00:00,7095.703125
2024-04-08 14:45:00+00:00,6657.306640625
2024-04-08 15:00:00+00:00,6166.427734375
2024-04-08 15:15:00+00:00,5617.76220703125
2024-04-08 15:30:00+00:00,5040.31982421875
2024-04-08 15:45:00+00:00,4437.41650390625
2024-04-08 16:00:00+00:00,3825.21337890625
2024-04-08 16:15:00+00:00,3168.69213867188
2024-04-08 16:30:00+00:00,2490.34228515625
2024-04-08 16:45:00+00:00,1824.78442382813
2024-04-08 17:00:00+00:00,1202.96667480469
2024-04-08 17:15:00+00:00,684.362243652344
2024-04-08 17:30:00+00:00,330.117767333984
2024-04-08 17:45:00+00:00,101.824447631836
2024-04-08 18:00:00+00:00,0.0
2024-04-08 18:15:00+00:00,0.0
2024-04-08 18:30:00+00:00,0.0
2024-04-08 18:45:00+00:00,0.0
2024-04-08 19:00:00+00:00,0.0
2024-04-08 19:15:00+00:00,0.0
2024-04-08 19:30:00+00:00,0.0
2024-04-08 19:45:00+00:00,0.0
2024-04-08 20:00:00+00:00,0.0
2024-04-08 20:15:00+00:00,0.0
2024-04-08 20:30:00+00:00,0.0
2024-04-08 20:45:00+00:00,0.0
2024-04-08 21:00:00+00:00,0.0
2024-04-08 21:15:00+00:00,0.0
2024-04-08 21:30:00+00:00,0.0
2024-04-08 21:45:00+00:00,0.0
2024-04-08 22:00:00+00:00,0.0
2024-04-08 22:15:00+00:00,0.0
2024-04-08 22:30:00+00:00,0.0
2024-04-08 22:45:00+00:00,0.0
2024-04-08 23:00:00+00:00,0.0
2024-04-08 23:15:00+00:00,0.0
2024-04-08 23:30:00+00:00,0.0
2024-04-08 23:45:00+00:00,0.0
2024-04-09 00:00:00+00:00,0.0
2024-04-09 00:15:00+00:00,0.0
2024-04-09 00:30:00+00:00,0.0
2024-04-09 00:45:00+00:00,0.0
2024-04-09 01:00:00+00:00,0.0
2024-04-09 01:15:00+00:00,0.0
2024-04-09 01:30:00+00:00,0.0
2024-04-09 01:45:00+00:00,0.0
2024-04-09 02:00:00+00:00,0.0
2024-04-09 02:15:00+00:00,0.0
2024-04-09 02:30:00+00:00,0.0
2024-04-09 02:45:00+00:00,0.0
2024-04-09 03:00:00+00:00,0.0
2024-04-09 03:15:00+00:00,0.0
2024-04-09 03:30:00+00:00,0.0
2024-04-09 03:45:00+00:00,0.0
2024-04-09 04:00:00+00:00,0.0
2024-04-09 04:15:00+00:00,0.0
2024-04-09 04:30:00+00:00,0.0
2024-04-09 04:45:00+00:00,0.0
2024-04-09 05:00:00+00:00,0.0
2024-04-09 05:15:00+00:00,0.0
2024-04-09 05:30:00+00:00,0.0
2024-04-09 05:45:00+00:00,253.953338623047
2024-04-09 06:00:00+00:00,645.445556640625
2024-04-09 06:15:00+00:00,1185.38110351563
2024-04-09 06:30:00+00:00,1816.44995117188
2024-04-09 06:45:00+00:00,2463.27099609375
2024-04-09 07:00:00+00:00,3185.23120117188
2024-04-09 07:15:00+00:00,3848.55883789063
2024-04-09 07:30:00+00:00,4472.02880859375
2024-04-09 07:45:00+00:00,5078.64111328125
2024-04-09 08:00:00+00:00,5676.92578125
2024-04-09 08:15:00+00:00,6202.982421875
2024-04-09 08:30:00+00:00,6722.27783203125
2024-04-09 08:45:00+00:00,7150.1298828125
2024-04-09 09:00:00+00:00,7547.85546875
2024-04-09 09:15:00+00:00,7909.23779296875
2024-04-09 09:30:00+00:00,8194.03515625
2024-04-09 09:45:00+00:00,8505.2802734375
2024-04-09 10:00:00+00:00,8701.78515625
2024-04-09 10:15:00+00:00,8852.71875
2024-04-09 10:30:00+00:00,9054.8515625
2024-04-09 10:45:00+00:00,9186.7109375
2024-04-09 11:00:00+00:00,9363.927734375
2024-04-09 11:15:00+00:00,9528.5478515625
2024-04-09 11:30:00+00:00,9570.9384765625
2024-04-09 11:45:00+00:00,9636.76953125
2024-04-09 12:00:00+00:00,9657.7607421875
2024-04-09 12:15:00+00:00,9560.1396484375
2024-04-09 12:30:00+00:00,9373.2900390625
2024-04-09 12:45:00+00:00,9208.9970703125
2024-04-09 13:00:00+00:00,9046.92578125
2024-04-09 13:15:00+00:00,8820.8896484375
2024-04-09 13:30:00+00:00,8558.3291015625
2024-04-09 13:45:00+00:00,8251.126953125
2024-04-09 14:00:00+00:00,7930.943359375
2024-04-09 14:15:00+00:00,7553.58984375
2024-04-09 14:30:00+00:00,7164.06787109375
2024-04-09 14:45:00+00:00,6727.4189453125
2024-04-09 15:00:00+00:00,6229.0634765625
2024-04-09 15:15:00+00:00,5683.99755859375
2024-04-09 15:30:00+00:00,5113.59130859375
2024-04-09 15:45:00+00:00,4509.83642578125
2024-04-09 16:00:00+00:00,3876.77001953125
2024-04-09 16:15:00+00:00,3208.35229492188
2024-04-09 16:30:00+00:00,2524.56005859375
2024-04-09 16:45:00+00:00,1859.27331542969
2024-04-09 17:00:00+00:00,1241.42663574219
2024-04-09 17:15:00+00:00,724.166687011719
2024-04-09 17:30:00+00:00,352.869995117188
2024-04-09 17:45:00+00:00,126.065551757813
2024-04-09 18:00:00+00:00,0.0
2024-04-09 18:15:00+00:00,0.0
2024-04-09 18:30:00+00:00,0.0
2024-04-09 18:45:00+00:00,0.0
2024-04-09 19:00:00+00:00,0.0
2024-04-09 19:15:00+00:00,0.0
2024-04-09 19:30:00+00:00,0.0
2024-04-09 19:45:00+00:00,0.0
2024-04-09 20:00:00+00:00,0.0
2024-04-09 20:15:00+00:00,0.0
2024-04-09 20:30:00+00:00,0.0
2024-04-09 20:45:00+00:00,0.0
2024-04-09 21:00:00+00:00,0.0
2024-04-09 21:15:00+00:00,0.0
2024-04-09 21:30:00+00:00,0.0
2024-04-09 21:45:00+00:00,0.0
2024-04-09 22:00:00+00:00,0.0
2024-04-09 22:15:00+00:00,0.0
2024-04-09 22:30:00+00:00,0.0
2024-04-09 22:45:00+00:00,0.0
2024-04-09 23:00:00+00:00,0.0
2024-04-09 23:15:00+00:00,0.0
2024-04-09 23:30:00+00:00,0.0
2024-04-09 23:45:00+00:00,0.0
2024-04-10 00:00:00+00:00,0.0
2024-04-10 00:15:00+00:00,0.0
2024-04-10 00:30:00+00:00,0.0
2024-04-10 00:45:00+00:00,0.0
2024-04-10 01:00:00+00:00,0.0
2024-04-10 01:15:00+00:00,0.0
2024-04-10 01:30:00+00:00,0.0
2024-04-10 01:45:00+00:00,0.0
2024-04-10 02:00:00+00:00,0.0
2024-04-10 02:15:00+00:00,0.0
2024-04-10 02:30:00+00:00,0.0
2024-04-10 02:45:00+00:00,0.0
2024-04-10 03:00:00+00:00,0.0
2024-04-10 03:15:00+00:00,0.0
2024-04-10 03:30:00+00:00,0.0
2024-04-10 03:45:00+00:00,0.0
2024-04-10 04:00:00+00:00,0.0
2024-04-10 04:15:00+00:00,0.0
2024-04-10 04:30:00+00:00,0.0
2024-04-10 04:45:00+00:00,0.0
2024-04-10 05:00:00+00:00,0.0
2024-04-10 05:15:00+00:00,0.0
2024-04-10 05:30:00+00:00,3.25333333015442
2024-04-10 05:45:00+00:00,272.678894042969
2024-04-10 06:00:00+00:00,663.2177734375
2024-04-10 06:15:00+00:00,1209.72778320313
2024-04-10 06:30:00+00:00,1835.84338378906
2024-04-10 06:45:00+00:00,2503.84008789063
2024-04-10 07:00:00+00:00,3194.8544921875
2024-04-10 07:15:00+00:00,3872.50341796875
2024-04-10 07:30:00+00:00,4522.306640625
2024-04-10 07:45:00+00:00,5139.41455078125
2024-04-10 08:00:00+00:00,5701.69873046875
2024-04-10 08:15:00+00:00,6207.52685546875
2024-04-10 08:30:00+00:00,6690.30908203125
2024-04-10 08:45:00+00:00,7120.7275390625
2024-04-10 09:00:00+00:00,7527.18896484375
2024-04-10 09:15:00+00:00,7953.958984375
2024-04-10 09:30:00+00:00,8233.962890625
2024-04-10 09:45:00+00:00,8538.67578125
2024-04-10 10:00:00+00:00,8759.126953125
2024-04-10 10:15:00+00:00,8966.30859375
2024-04-10 10:30:00+00:00,9123.28125
2024-04-10 10:45:00+00:00,9250.0546875
2024-04-10 11:00:00+00:00,9419.6953125
2024-04-10 11:15:00+00:00,9425.17578125
2024-04-10 11:30:00+00:00,9516.615234375
2024-04-10 11:45:00+00:00,9620.064453125
2024-04-10 12:00:00+00:00,9580.2626953125
2024-04-10 12:15:00+00:00,9511.6259765625
2024-04-10 12:30:00+00:00,9388.2392578125
2024-04-10 12:45:00+00:00,9247.6982421875
2024-04-10 13:00:00+00:00,9200.3984375
2024-04-10 13:15:00+00:00,7926.43798828125
2024-04-10 13:30:00+00:00,7746.64990234375
2024-04-10 13:45:00+00:00,7948.5576171875
2024-04-10 14:00:00+00:00,7300.8388671875
2024-04-10 14:15:00+00:00,7133.064453125
2024-04-10 14:30:00+00:00,6431.6123046875
2024-04-10 14:45:00+00:00,6131.677734375
2024-04-10 15:00:00+00:00,6377.4111328125
2024-04-10 15:15:00+00:00,5693.4033203125
2024-04-10 15:30:00+00:00,4685.89208984375
2024-04-10 15:45:00+00:00,4155.3212890625
2024-04-10 16:00:00+00:00,3531.669921875
2024-04-10 16:15:00+00:00,2822.21899414063
2024-04-10 16:30:00+00:00,1975.09997558594
2024-04-10 16:45:00+00:00,1323.71105957031
2024-04-10 17:00:00+00:00,678.340026855469
2024-04-10 17:15:00+00:00,515.771118164063
2024-04-10 17:30:00+00:00,463.552215576172
2024-04-10 17:45:00+00:00,259.005554199219
2024-04-10 18:00:00+00:00,28.6277770996094
2024-04-10 18:15:00+00:00,0.0
2024-04-10 18:30:00+00:00,0.0
2024-04-10 18:45:00+00:00,0.0
2024-04-10 19:00:00+00:00,0.0
2024-04-10 19:15:00+00:00,0.0
2024-04-10 19:30:00+00:00,0.0
2024-04-10 19:45:00+00:00,0.0
2024-04-10 20:00:00+00:00,0.0
2024-04-10 20:15:00+00:00,0.0
2024-04-10 20:30:00+00:00,0.0
2024-04-10 20:45:00+00:00,0.0
2024-04-10 21:00:00+00:00,0.0
2024-04-10 21:15:00+00:00,0.0
2024-04-10 21:30:00+00:00,0.0
2024-04-10 21:45:00+00:00,0.0
2024-04-10 22:00:00+00:00,0.0
2024-04-10 22:15:00+00:00,0.0
2024-04-10 22:30:00+00:00,0.0
2024-04-10 22:45:00+00:00,0.0
2024-04-10 23:00:00+00:00,0.0
2024-04-10 23:15:00+00:00,0.0
2024-04-10 23:30:00+00:00,0.0
2024-04-10 23:45:00+00:00,0.0
2024-04-11 00:00:00+00:00,0.0
2024-04-11 00:15:00+00:00,0.0
2024-04-11 00:30:00+00:00,0.0
2024-04-11 00:45:00+00:00,0.0
2024-04-11 01:00:00+00:00,0.0
2024-04-11 01:15:00+00:00,0.0
2024-04-11 01:30:00+00:00,0.0
2024-04-11 01:45:00+00:00,0.0
2024-04-11 02:00:00+00:00,0.0
2024-04-11 02:15:00+00:00,0.0
2024-04-11 02:30:00+00:00,0.0
2024-04-11 02:45:00+00:00,0.0
2024-04-11 03:00:00+00:00,0.0
2024-04-11 03:15:00+00:00,0.0
2024-04-11 03:30:00+00:00,0.0
2024-04-11 03:45:00+00:00,0.0
2024-04-11 04:00:00+00:00,0.0
2024-04-11 04:15:00+00:00,0.0
2024-04-11 04:30:00+00:00,0.0
2024-04-11 04:45:00+00:00,0.0
2024-04-11 05:00:00+00:00,0.0
2024-04-11 05:15:00+00:00,0.0
2024-04-11 05:30:00+00:00,69.7744445800781
2024-04-11 05:45:00+00:00,377.892211914063
2024-04-11 06:00:00+00:00,708.599975585938
2024-04-11 06:15:00+00:00,811.868896484375
2024-04-11 06:30:00+00:00,1660.12329101563
2024-04-11 06:45:00+00:00,1973.93994140625
2024-04-11 07:00:00+00:00,2709.9833984375
2024-04-11 07:15:00+00:00,3738.86450195313
2024-04-11 07:30:00+00:00,4479.8388671875
2024-04-11 07:45:00+00:00,4666.1298828125
2024-04-11 08:00:00+00:00,4963.19873046875
2024-04-11 08:15:00+00:00,5594.38427734375
2024-04-11 08:30:00+00:00,6431.39453125
2024-04-11 08:45:00+00:00,6602.54345703125
2024-04-11 09:00:00+00:00,7333.201171875
2024-04-11 09:15:00+00:00,7654.0546875
2024-04-11 09:30:00+00:00,8030.63330078125
2024-04-11 09:45:00+00:00,8289.8076171875
2024-04-11 10:00:00+00:00,8435.9345703125
2024-04-11 10:15:00+00:00,8584.51953125
2024-04-11 10:30:00+00:00,8748.400390625
2024-04-11 10:45:00+00:00,8917.732421875
2024-04-11 11:00:00+00:00,9048.6630859375
2024-04-11 11:15:00+00:00,9187.8134765625
2024-04-11 11:30:00+00:00,9289.294921875
2024-04-11 11:45:00+00:00,9262.0634765625
2024-04-11 12:00:00+00:00,9225.126953125
2024-04-11 12:15:00+00:00,9172.8154296875
2024-04-11 12:30:00+00:00,9089.0947265625
2024-04-11 12:45:00+00:00,8945.5458984375
2024-04-11 13:00:00+00:00,8787.767578125
2024-04-11 13:15:00+00:00,8626.0302734375
2024-04-11 13:30:00+00:00,8400.0634765625
2024-04-11 13:45:00+00:00,8125.2353515625
2024-04-11 14:00:00+00:00,7831.7021484375
2024-04-11 14:15:00+00:00,7124.95556640625
2024-04-11 14:30:00+00:00,5101.87353515625
2024-04-11 14:45:00+00:00,4075.99340820313
2024-04-11 15:00:00+00:00,6226.75537109375
2024-04-11 15:15:00+00:00,5790.56005859375
2024-04-11 15:30:00+00:00,4377.4921875
2024-04-11 15:45:00+00:00,2179.82885742188
2024-04-11 16:00:00+00:00,1185.37670898438
2024-04-11 16:15:00+00:00,1104.31994628906
2024-04-11 16:30:00+00:00,1945.451171875
2024-04-11 16:45:00+00:00,2504.55786132813
2024-04-11 17:00:00+00:00,1790.39660644531
2024-04-11 17:15:00+00:00,1218.548828125
2024-04-11 17:30:00+00:00,545.712219238281
2024-04-11 17:45:00+00:00,168.765548706055
2024-04-11 18:00:00+00:00,0.0
2024-04-11 18:15:00+00:00,0.0
2024-04-11 18:30:00+00:00,0.0
2024-04-11 18:45:00+00:00,0.0
2024-04-11 19:00:00+00:00,0.0
2024-04-11 19:15:00+00:00,0.0
2024-04-11 19:30:00+00:00,0.0
2024-04-11 19:45:00+00:00,0.0
2024-04-11 20:00:00+00:00,0.0
2024-04-11 20:15:00+00:00,0.0
2024-04-11 20:30:00+00:00,0.0
2024-04-11 20:45:00+00:00,0.0
2024-04-11 21:00:00+00:00,0.0
2024-04-11 21:15:00+00:00,0.0
2024-04-11 21:30:00+00:00,0.0
2024-04-11 21:45:00+00:00,0.0
2024-04-11 22:00:00+00:00,0.0
2024-04-11 22:15:00+00:00,0.0
2024-04-11 22:30:00+00:00,0.0
2024-04-11 22:45:00+00:00,0.0
2024-04-11 23:00:00+00:00,0.0
2024-04-11 23:15:00+00:00,0.0
2024-04-11 23:30:00+00:00,0.0
2024-04-11 23:45:00+00:00,0.0
2024-04-12 00:00:00+00:00,0.0
2024-04-12 00:15:00+00:00,0.0
2024-04-12 00:30:00+00:00,0.0
2024-04-12 00:45:00+00:00,0.0
2024-04-12 01:00:00+00:00,0.0
2024-04-12 01:15:00+00:00,0.0
2024-04-12 01:30:00+00:00,0.0
2024-04-12 01:45:00+00:00,0.0
2024-04-12 02:00:00+00:00,0.0
2024-04-12 02:15:00+00:00,0.0
2024-04-12 02:30:00+00:00,0.0
2024-04-12 02:45:00+00:00,0.0
2024-04-12 03:00:00+00:00,0.0
2024-04-12 03:15:00+00:00,0.0
2024-04-12 03:30:00+00:00,0.0
2024-04-12 03:45:00+00:00,0.0
2024-04-12 04:00:00+00:00,0.0
2024-04-12 04:15:00+00:00,0.0
2024-04-12 04:30:00+00:00,0.0
2024-04-12 04:45:00+00:00,0.0
2024-04-12 05:00:00+00:00,0.0
2024-04-12 05:15:00+00:00,0.0
2024-04-12 05:30:00+00:00,85.3477783203125
2024-04-12 05:45:00+00:00,384.465545654297
2024-04-12 06:00:00+00:00,644.006652832031
2024-04-12 06:15:00+00:00,726.48779296875
2024-04-12 06:30:00+00:00,980.203308105469
2024-04-12 06:45:00+00:00,1302.7900390625
2024-04-12 07:00:00+00:00,1517.79553222656
2024-04-12 07:15:00+00:00,1642.63220214844
2024-04-12 07:30:00+00:00,1795.78112792969
2024-04-12 07:45:00+00:00,3479.40551757813
2024-04-12 08:00:00+00:00,4084.22338867188
2024-04-12 08:15:00+00:00,4618.3134765625
2024-04-12 08:30:00+00:00,4785.54541015625
2024-04-12 08:45:00+00:00,5972.63330078125
2024-04-12 09:00:00+00:00,7889.69091796875
2024-04-12 09:15:00+00:00,5375.0478515625
2024-04-12 09:30:00+00:00,7985.1787109375
2024-04-12 09:45:00+00:00,8361.5908203125
2024-04-12 10:00:00+00:00,9035.9609375
2024-04-12 10:15:00+00:00,8583.58203125
2024-04-12 10:30:00+00:00,7412.71875
2024-04-12 10:45:00+00:00,7642.92431640625
2024-04-12 11:00:00+00:00,9083.763671875
2024-04-12 11:15:00+00:00,8795.478515625
2024-04-12 11:30:00+00:00,8142.2587890625
2024-04-12 11:45:00+00:00,8633.4052734375
2024-04-12 12:00:00+00:00,8077.990234375
2024-04-12 12:15:00+00:00,8774.744140625
2024-04-12 12:30:00+00:00,7430.02099609375
2024-04-12 12:45:00+00:00,5437.435546875
2024-04-12 13:00:00+00:00,3649.80322265625
2024-04-12 13:15:00+00:00,2800.015625
2024-04-12 13:30:00+00:00,2741.21435546875
2024-04-12 13:45:00+00:00,2771.22778320313
2024-04-12 14:00:00+00:00,2913.1123046875
2024-04-12 14:15:00+00:00,3356.951171875
2024-04-12 14:30:00+00:00,3361.97216796875
2024-04-12 14:45:00+00:00,3931.05224609375
2024-04-12 15:00:00+00:00,4419.70654296875
2024-04-12 15:15:00+00:00,4513.8134765625
2024-04-12 15:30:00+00:00,3313.93896484375
2024-04-12 15:45:00+00:00,2876.5244140625
2024-04-12 16:00:00+00:00,3108.70556640625
2024-04-12 16:15:00+00:00,2953.89453125
2024-04-12 16:30:00+00:00,1875.88000488281
2024-04-12 16:45:00+00:00,985.354431152344
2024-04-12 17:00:00+00:00,748.960021972656
2024-04-12 17:15:00+00:00,596.752197265625
2024-04-12 17:30:00+00:00,418.938903808594
2024-04-12 17:45:00+00:00,228.513336181641
2024-04-12 18:00:00+00:00,27.2377777099609
2024-04-12 18:15:00+00:00,0.0
2024-04-12 18:30:00+00:00,0.0
2024-04-12 18:45:00+00:00,0.0
2024-04-12 19:00:00+00:00,0.0
2024-04-12 19:15:00+00:00,0.0
2024-04-12 19:30:00+00:00,0.0
2024-04-12 19:45:00+00:00,0.0
2024-04-12 20:00:00+00:00,0.0
2024-04-12 20:15:00+00:00,0.0
2024-04-12 20:30:00+00:00,0.0
2024-04-12 20:45:00+00:00,0.0
2024-04-12 21:00:00+00:00,0.0
2024-04-12 21:15:00+00:00,0.0
2024-04-12 21:30:00+00:00,0.0
2024-04-12 21:45:00+00:00,0.0
2024-04-12 22:00:00+00:00,0.0
2024-04-12 22:15:00+00:00,0.0
2024-04-12 22:30:00+00:00,0.0
2024-04-12 22:45:00+00:00,0.0
2024-04-12 23:00:00+00:00,0.0
2024-04-12 23:15:00+00:00,0.0
2024-04-12 23:30:00+00:00,0.0
2024-04-12 23:45:00+00:00,0.0
2024-04-13 00:00:00+00:00,0.0
2024-04-13 00:15:00+00:00,0.0
2024-04-13 00:30:00+00:00,0.0
2024-04-13 00:45:00+00:00,0.0
2024-04-13 01:00:00+00:00,0.0
2024-04-13 01:15:00+00:00,0.0
2024-04-13 01:30:00+00:00,0.0
2024-04-13 01:45:00+00:00,0.0
2024-04-13 02:00:00+00:00,0.0
2024-04-13 02:15:00+00:00,0.0
2024-04-13 02:30:00+00:00,0.0
2024-04-13 02:45:00+00:00,0.0
2024-04-13 03:00:00+00:00,0.0
2024-04-13 03:15:00+00:00,0.0
2024-04-13 03:30:00+00:00,0.0
2024-04-13 03:45:00+00:00,0.0
2024-04-13 04:00:00+00:00,0.0
2024-04-13 04:15:00+00:00,0.0
2024-04-13 04:30:00+00:00,0.0
2024-04-13 04:45:00+00:00,0.0
2024-04-13 05:00:00+00:00,0.0
2024-04-13 05:15:00+00:00,0.0
2024-04-13 05:30:00+00:00,106.316665649414
2024-04-13 05:45:00+00:00,389.036651611328
2024-04-13 06:00:00+00:00,722.530029296875
2024-04-13 06:15:00+00:00,1158.10559082031
2024-04-13 06:30:00+00:00,1680.38330078125
2024-04-13 06:45:00+00:00,2251.26879882813
2024-04-13 07:00:00+00:00,2845.28662109375
2024-04-13 07:15:00+00:00,3480.61767578125
2024-04-13 07:30:00+00:00,4092.78564453125
2024-04-13 07:45:00+00:00,4666.4912109375
2024-04-13 08:00:00+00:00,5196.86572265625
2024-04-13 08:15:00+00:00,5743.91357421875
2024-04-13 08:30:00+00:00,6230.2177734375
2024-04-13 08:45:00+00:00,6684.58447265625
2024-04-13 09:00:00+00:00,7097.06982421875
2024-04-13 09:15:00+00:00,7440.0322265625
2024-04-13 09:30:00+00:00,7700.693359375
2024-04-13 09:45:00+00:00,7962.34765625
2024-04-13 10:00:00+00:00,8107.5244140625
2024-04-13 10:15:00+00:00,8289.9228515625
2024-04-13 10:30:00+00:00,8438.412109375
2024-04-13 10:45:00+00:00,8622.8232421875
2024-04-13 11:00:00+00:00,8769.5078125
2024-04-13 11:15:00+00:00,8800.6142578125
2024-04-13 11:30:00+00:00,8840.4482421875
2024-04-13 11:45:00+00:00,8944.6201171875
2024-04-13 12:00:00+00:00,8935.3095703125
2024-04-13 12:15:00+00:00,8833.44921875
2024-04-13 12:30:00+00:00,8710.8779296875
2024-04-13 12:45:00+00:00,8573.4970703125
2024-04-13 13:00:00+00:00,8384.4931640625
2024-04-13 13:15:00+00:00,8199.7734375
2024-04-13 13:30:00+00:00,8005.30126953125
2024-04-13 13:45:00+00:00,7682.572265625
2024-04-13 14:00:00+00:00,7395.83642578125
2024-04-13 14:15:00+00:00,7034.52783203125
2024-04-13 14:30:00+00:00,6607.1865234375
2024-04-13 14:45:00+00:00,6156.85791015625
2024-04-13 15:00:00+00:00,5636.57421875
2024-04-13 15:15:00+00:00,5130.2177734375
2024-04-13 15:30:00+00:00,4590.7509765625
2024-04-13 15:45:00+00:00,4026.25561523438
2024-04-13 16:00:00+00:00,3407.580078125
2024-04-13 16:15:00+00:00,2784.1044921875
2024-04-13 16:30:00+00:00,2213.21337890625
2024-04-13 16:45:00+00:00,1631.79333496094
2024-04-13 17:00:00+00:00,1120.31005859375
2024-04-13 17:15:00+00:00,664.956665039063
2024-04-13 17:30:00+00:00,376.006652832031
2024-04-13 17:45:00+00:00,146.998886108398
2024-04-13 18:00:00+00:00,0.0
2024-04-13 18:15:00+00:00,0.0
2024-04-13 18:30:00+00:00,0.0
2024-04-13 18:45:00+00:00,0.0
2024-04-13 19:00:00+00:00,0.0
2024-04-13 19:15:00+00:00,0.0
2024-04-13 19:30:00+00:00,0.0
2024-04-13 19:45:00+00:00,0.0
2024-04-13 20:00:00+00:00,0.0
2024-04-13 20:15:00+00:00,0.0
2024-04-13 20:30:00+00:00,0.0
2024-04-13 20:45:00+00:00,0.0
2024-04-13 21:00:00+00:00,0.0
2024-04-13 21:15:00+00:00,0.0
2024-04-13 21:30:00+00:00,0.0
2024-04-13 21:45:00+00:00,0.0
2024-04-13 22:00:00+00:00,0.0
2024-04-13 22:15:00+00:00,0.0
2024-04-13 22:30:00+00:00,0.0
2024-04-13 22:45:00+00:00,0.0
2024-04-13 23:00:00+00:00,0.0
2024-04-13 23:15:00+00:00,0.0
2024-04-13 23:30:00+00:00,0.0
2024-04-13 23:45:00+00:00,0.0
2024-04-14 00:00:00+00:00,0.0
2024-04-14 00:15:00+00:00,0.0
2024-04-14 00:30:00+00:00,0.0
2024-04-14 00:45:00+00:00,0.0
2024-04-14 01:00:00+00:00,0.0
2024-04-14 01:15:00+00:00,0.0
2024-04-14 01:30:00+00:00,0.0
2024-04-14 01:45:00+00:00,0.0
2024-04-14 02:00:00+00:00,0.0
2024-04-14 02:15:00+00:00,0.0
2024-04-14 02:30:00+00:00,0.0
2024-04-14 02:45:00+00:00,0.0
2024-04-14 03:00:00+00:00,0.0
2024-04-14 03:15:00+00:00,0.0
2024-04-14 03:30:00+00:00,0.0
2024-04-14 03:45:00+00:00,0.0
2024-04-14 04:00:00+00:00,0.0
2024-04-14 04:15:00+00:00,0.0
2024-04-14 04:30:00+00:00,0.0
2024-04-14 04:45:00+00:00,0.0
2024-04-14 05:00:00+00:00,0.0
2024-04-14 05:15:00+00:00,0.0
2024-04-14 05:30:00+00:00,14.6255559921265
2024-04-14 05:45:00+00:00,336.023345947266
2024-04-14 06:00:00+00:00,700.113342285156
2024-04-14 06:15:00+00:00,1154.85888671875
2024-04-14 06:30:00+00:00,1700.79772949219
2024-04-14 06:45:00+00:00,2341.96655273438
2024-04-14 07:00:00+00:00,2962.0234375
2024-04-14 07:15:00+00:00,3544.21337890625
2024-04-14 07:30:00+00:00,4100.09130859375
2024-04-14 07:45:00+00:00,4663.6943359375
2024-04-14 08:00:00+00:00,5223.42236328125
2024-04-14 08:15:00+00:00,5708.59912109375
2024-04-14 08:30:00+00:00,6140.07666015625
2024-04-14 08:45:00+00:00,6572.63427734375
2024-04-14 09:00:00+00:00,6952.990234375
2024-04-14 09:15:00+00:00,7268.51318359375
2024-04-14 09:30:00+00:00,7547.72216796875
2024-04-14 09:45:00+00:00,7749.298828125
2024-04-14 10:00:00+00:00,8066.2919921875
2024-04-14 10:15:00+00:00,8379.3212890625
2024-04-14 10:30:00+00:00,8598.60546875
2024-04-14 10:45:00+00:00,8716.685546875
2024-04-14 11:00:00+00:00,8739.0341796875
2024-04-14 11:15:00+00:00,8735.8291015625
2024-04-14 11:30:00+00:00,8793.419921875
2024-04-14 11:45:00+00:00,8781.986328125
2024-04-14 12:00:00+00:00,8742.009765625
2024-04-14 12:15:00+00:00,8673.8525390625
2024-04-14 12:30:00+00:00,8621.701171875
2024-04-14 12:45:00+00:00,8498.7734375
2024-04-14 13:00:00+00:00,8367.0322265625
2024-04-14 13:15:00+00:00,8165.16650390625
2024-04-14 13:30:00+00:00,7881.83544921875
2024-04-14 13:45:00+00:00,7606.06201171875
2024-04-14 14:00:00+00:00,7287.7587890625
2024-04-14 14:15:00+00:00,6913.47998046875
2024-04-14 14:30:00+00:00,6540.77685546875
2024-04-14 14:45:00+00:00,6120.716796875
2024-04-14 15:00:00+00:00,5680.2822265625
2024-04-14 15:15:00+00:00,5158.89013671875
2024-04-14 15:30:00+00:00,4600.298828125
2024-04-14 15:45:00+00:00,4056.65893554688
2024-04-14 16:00:00+00:00,3447.35888671875
2024-04-14 16:15:00+00:00,2821.822265625
2024-04-14 16:30:00+00:00,2266.21997070313
2024-04-14 16:45:00+00:00,1692.7900390625
2024-04-14 17:00:00+00:00,1180.70776367188
2024-04-14 17:15:00+00:00,745.962219238281
2024-04-14 17:30:00+00:00,427.322235107422
2024-04-14 17:45:00+00:00,216.694442749023
2024-04-14 18:00:00+00:00,33.6722221374512
2024-04-14 18:15:00+00:00,0.0
2024-04-14 18:30:00+00:00,0.0
2024-04-14 18:45:00+00:00,0.0
2024-04-14 19:00:00+00:00,0.0
2024-04-14 19:15:00+00:00,0.0
2024-04-14 19:30:00+00:00,0.0
2024-04-14 19:45:00+00:00,0.0
2024-04-14 20:00:00+00:00,0.0
2024-04-14 20:15:00+00:00,0.0
2024-04-14 20:30:00+00:00,0.0
2024-04-14 20:45:00+00:00,0.0
2024-04-14 21:00:00+00:00,0.0
2024-04-14 21:15:00+00:00,0.0
2024-04-14 21:30:00+00:00,0.0
2024-04-14 21:45:00+00:00,0.0
2024-04-14 22:00:00+00:00,0.0
2024-04-14 22:15:00+00:00,0.0
2024-04-14 22:30:00+00:00,0.0
2024-04-14 22:45:00+00:00,0.0
2024-04-14 23:00:00+00:00,0.0
2024-04-14 23:15:00+00:00,0.0
2024-04-14 23:30:00+00:00,0.0
2024-04-14 23:45:00+00:00,0.0
2024-04-15 00:00:00+00:00,0.0
2024-04-15 00:15:00+00:00,0.0
2024-04-15 00:30:00+00:00,0.0
2024-04-15 00:45:00+00:00,0.0
2024-04-15 01:00:00+00:00,0.0
2024-04-15 01:15:00+00:00,0.0
2024-04-15 01:30:00+00:00,0.0
2024-04-15 01:45:00+00:00,0.0
2024-04-15 02:00:00+00:00,0.0
2024-04-15 02:15:00+00:00,0.0
2024-04-15 02:30:00+00:00,0.0
2024-04-15 02:45:00+00:00,0.0
2024-04-15 03:00:00+00:00,0.0
2024-04-15 03:15:00+00:00,0.0
2024-04-15 03:30:00+00:00,0.0
2024-04-15 03:45:00+00:00,0.0
2024-04-15 04:00:00+00:00,0.0
2024-04-15 04:15:00+00:00,0.0
2024-04-15 04:30:00+00:00,0.0
2024-04-15 04:45:00+00:00,0.0
2024-04-15 05:00:00+00:00,0.0
2024-04-15 05:15:00+00:00,0.0
2024-04-15 05:30:00+00:00,123.203330993652
2024-04-15 05:45:00+00:00,436.723327636719
2024-04-15 06:00:00+00:00,830.214416503906
2024-04-15 06:15:00+00:00,1332.43774414063
2024-04-15 06:30:00+00:00,1872.58557128906
2024-04-15 06:45:00+00:00,2466.52880859375
2024-04-15 07:00:00+00:00,3042.08227539063
2024-04-15 07:15:00+00:00,3630.34765625
2024-04-15 07:30:00+00:00,4213.2021484375
2024-04-15 07:45:00+00:00,4768.2998046875
2024-04-15 08:00:00+00:00,5288.87548828125
2024-04-15 08:15:00+00:00,5797.7353515625
2024-04-15 08:30:00+00:00,6255.767578125
2024-04-15 08:45:00+00:00,6749.02978515625
2024-04-15 09:00:00+00:00,7130.0087890625
2024-04-15 09:15:00+00:00,7452.07666015625
2024-04-15 09:30:00+00:00,7682.46875
2024-04-15 09:45:00+00:00,7970.96533203125
2024-04-15 10:00:00+00:00,8160.78564453125
2024-04-15 10:15:00+00:00,8377.861328125
2024-04-15 10:30:00+00:00,8634.5107421875
2024-04-15 10:45:00+00:00,8745.912109375
2024-04-15 11:00:00+00:00,8842.44921875
2024-04-15 11:15:00+00:00,8863.0859375
2024-04-15 11:30:00+00:00,8860.5009765625
2024-04-15 11:45:00+00:00,8910.7509765625
2024-04-15 12:00:00+00:00,8833.650390625
2024-04-15 12:15:00+00:00,8788.4482421875
2024-04-15 12:30:00+00:00,8672.12109375
2024-04-15 12:45:00+00:00,8540.3623046875
2024-04-15 13:00:00+00:00,8353.4423828125
2024-04-15 13:15:00+00:00,8128.30908203125
2024-04-15 13:30:00+00:00,7878.34130859375
2024-04-15 13:45:00+00:00,7582.7822265625
2024-04-15 14:00:00+00:00,7267.12353515625
2024-04-15 14:15:00+00:00,6884.85107421875
2024-04-15 14:30:00+00:00,6465.61328125
2024-04-15 14:45:00+00:00,6018.912109375
2024-04-15 15:00:00+00:00,5546.35107421875
2024-04-15 15:15:00+00:00,5073.06787109375
2024-04-15 15:30:00+00:00,4529.87890625
2024-04-15 15:45:00+00:00,3863.4912109375
2024-04-15 16:00:00+00:00,3260.46337890625
2024-04-15 16:15:00+00:00,2727.07788085938
2024-04-15 16:30:00+00:00,2051.13110351563
2024-04-15 16:45:00+00:00,1463.99108886719
2024-04-15 17:00:00+00:00,1197.44555664063
2024-04-15 17:15:00+00:00,493.935546875
2024-04-15 17:30:00+00:00,290.575561523438
2024-04-15 17:45:00+00:00,117.095558166504
2024-04-15 18:00:00+00:00,0.0
2024-04-15 18:15:00+00:00,0.0
2024-04-15 18:30:00+00:00,0.0
2024-04-15 18:45:00+00:00,0.0
2024-04-15 19:00:00+00:00,0.0
2024-04-15 19:15:00+00:00,0.0
2024-04-15 19:30:00+00:00,0.0
2024-04-15 19:45:00+00:00,0.0
2024-04-15 20:00:00+00:00,0.0
2024-04-15 20:15:00+00:00,0.0
2024-04-15 20:30:00+00:00,0.0
2024-04-15 20:45:00+00:00,0.0
2024-04-15 21:00:00+00:00,0.0
2024-04-15 21:15:00+00:00,0.0
2024-04-15 21:30:00+00:00,0.0
2024-04-15 21:45:00+00:00,0.0
2024-04-15 22:00:00+00:00,0.0
2024-04-15 22:15:00+00:00,0.0
2024-04-15 22:30:00+00:00,0.0
2024-04-15 22:45:00+00:00,0.0
2024-04-15 23:00:00+00:00,0.0
2024-04-15 23:15:00+00:00,0.0
2024-04-15 23:30:00+00:00,0.0
2024-04-15 23:45:00+00:00,0.0
2024-04-16 00:00:00+00:00,0.0
2024-04-16 00:15:00+00:00,0.0
2024-04-16 00:30:00+00:00,0.0
2024-04-16 00:45:00+00:00,0.0
2024-04-16 01:00:00+00:00,0.0
2024-04-16 01:15:00+00:00,0.0
2024-04-16 01:30:00+00:00,0.0
2024-04-16 01:45:00+00:00,0.0
2024-04-16 02:00:00+00:00,0.0
2024-04-16 02:15:00+00:00,0.0
2024-04-16 02:30:00+00:00,0.0
2024-04-16 02:45:00+00:00,0.0
2024-04-16 03:00:00+00:00,0.0
2024-04-16 03:15:00+00:00,0.0
2024-04-16 03:30:00+00:00,0.0
2024-04-16 03:45:00+00:00,0.0
2024-04-16 04:00:00+00:00,0.0
2024-04-16 04:15:00+00:00,0.0
2024-04-16 04:30:00+00:00,0.0
2024-04-16 04:45:00+00:00,0.0
2024-04-16 05:00:00+00:00,0.0
2024-04-16 05:15:00+00:00,0.0
2024-04-16 05:30:00+00:00,58.2822227478027
2024-04-16 05:45:00+00:00,323.314453125
2024-04-16 06:00:00+00:00,442.731109619141
2024-04-16 06:15:00+00:00,739.063354492188
2024-04-16 06:30:00+00:00,968.510009765625
2024-04-16 06:45:00+00:00,1254.59448242188
2024-04-16 07:00:00+00:00,1752.201171875
2024-04-16 07:15:00+00:00,2785.73120117188
2024-04-16 07:30:00+00:00,2727.98120117188
2024-04-16 07:45:00+00:00,3926.89111328125
2024-04-16 08:00:00+00:00,3090.63671875
2024-04-16 08:15:00+00:00,3165.85766601563
2024-04-16 08:30:00+00:00,3536.27783203125
2024-04-16 08:45:00+00:00,4442.2822265625
2024-04-16 09:00:00+00:00,5827.63671875
2024-04-16 09:15:00+00:00,6330.35791015625
2024-04-16 09:30:00+00:00,5676.62890625
2024-04-16 09:45:00+00:00,4448.77978515625
2024-04-16 10:00:00+00:00,6120.53564453125
2024-04-16 10:15:00+00:00,7310.09326171875
2024-04-16 10:30:00+00:00,6288.775390625
2024-04-16 10:45:00+00:00,5099.93896484375
2024-04-16 11:00:00+00:00,3736.7099609375
2024-04-16 11:15:00+00:00,3149.99877929688
2024-04-16 11:30:00+00:00,2342.01000976563
2024-04-16 11:45:00+00:00,2449.52221679688
2024-04-16 12:00:00+00:00,2289.56567382813
2024-04-16 12:15:00+00:00,2333.47216796875
2024-04-16 12:30:00+00:00,3041.51440429688
2024-04-16 12:45:00+00:00,4268.27099609375
2024-04-16 13:00:00+00:00,2566.9921875
2024-04-16 13:15:00+00:00,2611.17114257813
2024-04-16 13:30:00+00:00,1767.86328125
2024-04-16 13:45:00+00:00,2940.84765625
2024-04-16 14:00:00+00:00,3579.36108398438
2024-04-16 14:15:00+00:00,2310.61450195313
2024-04-16 14:30:00+00:00,2001.50671386719
2024-04-16 14:45:00+00:00,2131.11108398438
2024-04-16 15:00:00+00:00,2056.23657226563
2024-04-16 15:15:00+00:00,2088.564453125
2024-04-16 15:30:00+00:00,1713.21337890625
2024-04-16 15:45:00+00:00,1740.18444824219
2024-04-16 16:00:00+00:00,977.789978027344
2024-04-16 16:15:00+00:00,886.047790527344
2024-04-16 16:30:00+00:00,659.118896484375
2024-04-16 16:45:00+00:00,576.998901367188
2024-04-16 17:00:00+00:00,701.895568847656
2024-04-16 17:15:00+00:00,54.8477783203125
2024-04-16 17:30:00+00:00,7.73555564880371
2024-04-16 17:45:00+00:00,0.0
2024-04-16 18:00:00+00:00,0.0
2024-04-16 18:15:00+00:00,0.0
2024-04-16 18:30:00+00:00,0.0
2024-04-16 18:45:00+00:00,0.0
2024-04-16 19:00:00+00:00,0.0
2024-04-16 19:15:00+00:00,0.0
2024-04-16 19:30:00+00:00,0.0
2024-04-16 19:45:00+00:00,0.0
2024-04-16 20:00:00+00:00,0.0
2024-04-16 20:15:00+00:00,0.0
2024-04-16 20:30:00+00:00,0.0
2024-04-16 20:45:00+00:00,0.0
2024-04-16 21:00:00+00:00,0.0
2024-04-16 21:15:00+00:00,0.0
2024-04-16 21:30:00+00:00,0.0
2024-04-16 21:45:00+00:00,0.0
2024-04-16 22:00:00+00:00,0.0
2024-04-16 22:15:00+00:00,0.0
2024-04-16 22:30:00+00:00,0.0
2024-04-16 22:45:00+00:00,0.0
2024-04-16 23:00:00+00:00,0.0
2024-04-16 23:15:00+00:00,0.0
2024-04-16 23:30:00+00:00,0.0
2024-04-16 23:45:00+00:00,0.0
2024-04-17 00:00:00+00:00,0.0
2024-04-17 00:15:00+00:00,0.0
2024-04-17 00:30:00+00:00,0.0
2024-04-17 00:45:00+00:00,0.0
2024-04-17 01:00:00+00:00,0.0
2024-04-17 01:15:00+00:00,0.0
2024-04-17 01:30:00+00:00,0.0
2024-04-17 01:45:00+00:00,0.0
2024-04-17 02:00:00+00:00,0.0
2024-04-17 02:15:00+00:00,0.0
2024-04-17 02:30:00+00:00,0.0
2024-04-17 02:45:00+00:00,0.0
2024-04-17 03:00:00+00:00,0.0
2024-04-17 03:15:00+00:00,0.0
2024-04-17 03:30:00+00:00,0.0
2024-04-17 03:45:00+00:00,0.0
2024-04-17 04:00:00+00:00,0.0
2024-04-17 04:15:00+00:00,0.0
2024-04-17 04:30:00+00:00,0.0
2024-04-17 04:45:00+00:00,0.0
2024-04-17 05:00:00+00:00,0.0
2024-04-17 05:15:00+00:00,0.0
2024-04-17 05:30:00+00:00,0.0
2024-04-17 05:45:00+00:00,93.424446105957
2024-04-17 06:00:00+00:00,377.415557861328
2024-04-17 06:15:00+00:00,715.575561523438
2024-04-17 06:30:00+00:00,1272.52551269531
2024-04-17 06:45:00+00:00,1366.69665527344
2024-04-17 07:00:00+00:00,1346.55334472656
2024-04-17 07:15:00+00:00,1019.56219482422
2024-04-17 07:30:00+00:00,674.482238769531
2024-04-17 07:45:00+00:00,761.662231445313
2024-04-17 08:00:00+00:00,1241.58557128906
2024-04-17 08:15:00+00:00,1751.56884765625
2024-04-17 08:30:00+00:00,2220.23559570313
2024-04-17 08:45:00+00:00,4227.08984375
2024-04-17 09:00:00+00:00,7149.638671875
2024-04-17 09:15:00+00:00,7470.64111328125
2024-04-17 09:30:00+00:00,7779.64892578125
2024-04-17 09:45:00+00:00,7916.15576171875
2024-04-17 10:00:00+00:00,8190.775390625
2024-04-17 10:15:00+00:00,8423.732421875
2024-04-17 10:30:00+00:00,8704.8662109375
2024-04-17 10:45:00+00:00,9029.33203125
2024-04-17 11:00:00+00:00,9122.3037109375
2024-04-17 11:15:00+00:00,4829.38134765625
2024-04-17 11:30:00+00:00,7921.8291015625
2024-04-17 11:45:00+00:00,9181.1484375
2024-04-17 12:00:00+00:00,8959.4697265625
2024-04-17 12:15:00+00:00,8730.96484375
2024-04-17 12:30:00+00:00,8669.45703125
2024-04-17 12:45:00+00:00,8555.78515625
2024-04-17 13:00:00+00:00,8426.58203125
2024-04-17 13:15:00+00:00,8223.9521484375
2024-04-17 13:30:00+00:00,7989.8046875
2024-04-17 13:45:00+00:00,7732.39794921875
2024-04-17 14:00:00+00:00,7486.412109375
2024-04-17 14:15:00+00:00,7113.43115234375
2024-04-17 14:30:00+00:00,6717.49462890625
2024-04-17 14:45:00+00:00,6230.2666015625
2024-04-17 15:00:00+00:00,5732.111328125
2024-04-17 15:15:00+00:00,5179.0576171875
2024-04-17 15:30:00+00:00,4667.146484375
2024-04-17 15:45:00+00:00,3133.93676757813
2024-04-17 16:00:00+00:00,1210.46887207031
2024-04-17 16:15:00+00:00,1642.83996582031
2024-04-17 16:30:00+00:00,992.533325195313
2024-04-17 16:45:00+00:00,1185.78662109375
2024-04-17 17:00:00+00:00,765.659973144531
2024-04-17 17:15:00+00:00,633.791137695313
2024-04-17 17:30:00+00:00,532.238891601563
2024-04-17 17:45:00+00:00,257.167785644531
2024-04-17 18:00:00+00:00,5.02444458007813
2024-04-17 18:15:00+00:00,0.0
2024-04-17 18:30:00+00:00,0.0
2024-04-17 18:45:00+00:00,0.0
2024-04-17 19:00:00+00:00,0.0
2024-04-17 19:15:00+00:00,0.0
2024-04-17 19:30:00+00:00,0.0
2024-04-17 19:45:00+00:00,0.0
2024-04-17 20:00:00+00:00,0.0
2024-04-17 20:15:00+00:00,0.0
2024-04-17 20:30:00+00:00,0.0
2024-04-17 20:45:00+00:00,0.0
2024-04-17 21:00:00+00:00,0.0
2024-04-17 21:15:00+00:00,0.0
2024-04-17 21:30:00+00:00,0.0
2024-04-17 21:45:00+00:00,0.0
2024-04-17 22:00:00+00:00,0.0
2024-04-17 22:15:00+00:00,0.0
2024-04-17 22:30:00+00:00,0.0
2024-04-17 22:45:00+00:00,0.0
2024-04-17 23:00:00+00:00,0.0
2024-04-17 23:15:00+00:00,0.0
2024-04-17 23:30:00+00:00,0.0
2024-04-17 23:45:00+00:00,0.0
2024-04-18 00:00:00+00:00,0.0
2024-04-18 00:15:00+00:00,0.0
2024-04-18 00:30:00+00:00,0.0
2024-04-18 00:45:00+00:00,0.0
2024-04-18 01:00:00+00:00,0.0
2024-04-18 01:15:00+00:00,0.0
2024-04-18 01:30:00+00:00,0.0
2024-04-18 01:45:00+00:00,0.0
2024-04-18 02:00:00+00:00,0.0
2024-04-18 02:15:00+00:00,0.0
2024-04-18 02:30:00+00:00,0.0
2024-04-18 02:45:00+00:00,0.0
2024-04-18 03:00:00+00:00,0.0
2024-04-18 03:15:00+00:00,0.0
2024-04-18 03:30:00+00:00,0.0
2024-04-18 03:45:00+00:00,0.0
2024-04-18 04:00:00+00:00,0.0
2024-04-18 04:15:00+00:00,0.0
2024-04-18 04:30:00+00:00,0.0
2024-04-18 04:45:00+00:00,0.0
2024-04-18 05:00:00+00:00,0.0
2024-04-18 05:15:00+00:00,0.0
2024-04-18 05:30:00+00:00,157.334442138672
2024-04-18 05:45:00+00:00,456.701110839844
2024-04-18 06:00:00+00:00,549.570007324219
2024-04-18 06:15:00+00:00,597.985534667969
2024-04-18 06:30:00+00:00,640.507751464844
2024-04-18 06:45:00+00:00,2550.7734375
2024-04-18 07:00:00+00:00,3446.927734375
2024-04-18 07:15:00+00:00,3703.90112304688
2024-04-18 07:30:00+00:00,4540.458984375
2024-04-18 07:45:00+00:00,4692.1142578125
2024-04-18 08:00:00+00:00,4660.443359375
2024-04-18 08:15:00+00:00,5130.88134765625
2024-04-18 08:30:00+00:00,6032.60009765625
2024-04-18 08:45:00+00:00,6183.919921875
2024-04-18 09:00:00+00:00,5658.7490234375
2024-04-18 09:15:00+00:00,6351.822265625
2024-04-18 09:30:00+00:00,7449.01904296875
2024-04-18 09:45:00+00:00,8198.841796875
2024-04-18 10:00:00+00:00,7408.388671875
2024-04-18 10:15:00+00:00,7327.29443359375
2024-04-18 10:30:00+00:00,8756.08984375
2024-04-18 10:45:00+00:00,8536.966796875
2024-04-18 11:00:00+00:00,8983.7412109375
2024-04-18 11:15:00+00:00,7957.8154296875
2024-04-18 11:30:00+00:00,7691.09326171875
2024-04-18 11:45:00+00:00,6458.61328125
2024-04-18 12:00:00+00:00,4519.52880859375
2024-04-18 12:15:00+00:00,4304.16455078125
2024-04-18 12:30:00+00:00,8972.677734375
2024-04-18 12:45:00+00:00,8936.009765625
2024-04-18 13:00:00+00:00,8767.9248046875
2024-04-18 13:15:00+00:00,8711.1787109375
2024-04-18 13:30:00+00:00,8792.4384765625
2024-04-18 13:45:00+00:00,8036.39990234375
2024-04-18 14:00:00+00:00,7267.8779296875
2024-04-18 14:15:00+00:00,5533.68212890625
2024-04-18 14:30:00+00:00,4987.2822265625
2024-04-18 14:45:00+00:00,5892.896484375
2024-04-18 15:00:00+00:00,6344.943359375
2024-04-18 15:15:00+00:00,5272.71435546875
2024-04-18 15:30:00+00:00,4642.19091796875
2024-04-18 15:45:00+00:00,4489.8310546875
2024-04-18 16:00:00+00:00,3611.56323242188
2024-04-18 16:15:00+00:00,3236.57666015625
2024-04-18 16:30:00+00:00,2583.4599609375
2024-04-18 16:45:00+00:00,2113.65454101563
2024-04-18 17:00:00+00:00,1413.76782226563
2024-04-18 17:15:00+00:00,877.154418945313
2024-04-18 17:30:00+00:00,578.489990234375
2024-04-18 17:45:00+00:00,297.643341064453
2024-04-18 18:00:00+00:00,142.632217407227
2024-04-18 18:15:00+00:00,0.0
2024-04-18 18:30:00+00:00,0.0
2024-04-18 18:45:00+00:00,0.0
2024-04-18 19:00:00+00:00,0.0
2024-04-18 19:15:00+00:00,0.0
2024-04-18 19:30:00+00:00,0.0
2024-04-18 19:45:00+00:00,0.0
2024-04-18 20:00:00+00:00,0.0
2024-04-18 20:15:00+00:00,0.0
2024-04-18 20:30:00+00:00,0.0
2024-04-18 20:45:00+00:00,0.0
2024-04-18 21:00:00+00:00,0.0
2024-04-18 21:15:00+00:00,0.0
2024-04-18 21:30:00+00:00,0.0
2024-04-18 21:45:00+00:00,0.0
2024-04-18 22:00:00+00:00,0.0
2024-04-18 22:15:00+00:00,0.0
2024-04-18 22:30:00+00:00,0.0
2024-04-18 22:45:00+00:00,0.0
2024-04-18 23:00:00+00:00,0.0
2024-04-18 23:15:00+00:00,0.0
2024-04-18 23:30:00+00:00,0.0
2024-04-18 23:45:00+00:00,0.0
2024-04-19 00:00:00+00:00,0.0
2024-04-19 00:15:00+00:00,0.0
2024-04-19 00:30:00+00:00,0.0
2024-04-19 00:45:00+00:00,0.0
2024-04-19 01:00:00+00:00,0.0
2024-04-19 01:15:00+00:00,0.0
2024-04-19 01:30:00+00:00,0.0
2024-04-19 01:45:00+00:00,0.0
2024-04-19 02:00:00+00:00,0.0
2024-04-19 02:15:00+00:00,0.0
2024-04-19 02:30:00+00:00,0.0
2024-04-19 02:45:00+00:00,0.0
2024-04-19 03:00:00+00:00,0.0
2024-04-19 03:15:00+00:00,0.0
2024-04-19 03:30:00+00:00,0.0
2024-04-19 03:45:00+00:00,0.0
2024-04-19 04:00:00+00:00,0.0
2024-04-19 04:15:00+00:00,0.0
2024-04-19 04:30:00+00:00,0.0
2024-04-19 04:45:00+00:00,0.0
2024-04-19 05:00:00+00:00,0.0
2024-04-19 05:15:00+00:00,0.0
2024-04-19 05:30:00+00:00,169.410003662109
2024-04-19 05:45:00+00:00,491.700012207031
2024-04-19 06:00:00+00:00,894.412231445313
2024-04-19 06:15:00+00:00,1429.15661621094
2024-04-19 06:30:00+00:00,2049.74780273438
2024-04-19 06:45:00+00:00,2591.38110351563
2024-04-19 07:00:00+00:00,3456.11767578125
2024-04-19 07:15:00+00:00,4025.837890625
2024-04-19 07:30:00+00:00,4483.45654296875
2024-04-19 07:45:00+00:00,6091.693359375
2024-04-19 08:00:00+00:00,3783.04223632813
2024-04-19 08:15:00+00:00,5892.15087890625
2024-04-19 08:30:00+00:00,6580.26220703125
2024-04-19 08:45:00+00:00,7883.0654296875
2024-04-19 09:00:00+00:00,6192.97021484375
2024-04-19 09:15:00+00:00,3973.23657226563
2024-04-19 09:30:00+00:00,8780.1064453125
2024-04-19 09:45:00+00:00,8755.564453125
2024-04-19 10:00:00+00:00,5874.68896484375
2024-04-19 10:15:00+00:00,7277.6064453125
2024-04-19 10:30:00+00:00,4594.0498046875
2024-04-19 10:45:00+00:00,8361.0732421875
2024-04-19 11:00:00+00:00,4949.646484375
2024-04-19 11:15:00+00:00,3108.68334960938
2024-04-19 11:30:00+00:00,3837.59008789063
2024-04-19 11:45:00+00:00,2828.20678710938
2024-04-19 12:00:00+00:00,2349.080078125
2024-04-19 12:15:00+00:00,3865.662109375
2024-04-19 12:30:00+00:00,3573.24438476563
2024-04-19 12:45:00+00:00,1560.05004882813
2024-04-19 13:00:00+00:00,1350.49670410156
2024-04-19 13:15:00+00:00,1302.55224609375
2024-04-19 13:30:00+00:00,799.669982910156
2024-04-19 13:45:00+00:00,1294.62780761719
2024-04-19 14:00:00+00:00,1086.33776855469
2024-04-19 14:15:00+00:00,1486.71667480469
2024-04-19 14:30:00+00:00,788.745544433594
2024-04-19 14:45:00+00:00,995.241088867188
2024-04-19 15:00:00+00:00,731.616638183594
2024-04-19 15:15:00+00:00,665.599975585938
2024-04-19 15:30:00+00:00,125.422225952148
2024-04-19 15:45:00+00:00,0.0
2024-04-19 16:00:00+00:00,0.0
2024-04-19 16:15:00+00:00,0.0
2024-04-19 16:30:00+00:00,37.3033332824707
2024-04-19 16:45:00+00:00,173.0
2024-04-19 17:00:00+00:00,0.0
2024-04-19 17:15:00+00:00,0.0
2024-04-19 17:30:00+00:00,0.0
2024-04-19 17:45:00+00:00,0.0
2024-04-19 18:00:00+00:00,0.0
2024-04-19 18:15:00+00:00,0.0
2024-04-19 18:30:00+00:00,0.0
2024-04-19 18:45:00+00:00,0.0
2024-04-19 19:00:00+00:00,0.0
2024-04-19 19:15:00+00:00,0.0
2024-04-19 19:30:00+00:00,0.0
2024-04-19 19:45:00+00:00,0.0
2024-04-19 20:00:00+00:00,0.0
2024-04-19 20:15:00+00:00,0.0
2024-04-19 20:30:00+00:00,0.0
2024-04-19 20:45:00+00:00,0.0
2024-04-19 21:00:00+00:00,0.0
2024-04-19 21:15:00+00:00,0.0
2024-04-19 21:30:00+00:00,0.0
2024-04-19 21:45:00+00:00,0.0
2024-04-19 22:00:00+00:00,0.0
2024-04-19 22:15:00+00:00,0.0
2024-04-19 22:30:00+00:00,0.0
2024-04-19 22:45:00+00:00,0.0
2024-04-19 23:00:00+00:00,0.0
2024-04-19 23:15:00+00:00,0.0
2024-04-19 23:30:00+00:00,0.0
2024-04-19 23:45:00+00:00,0.0
2024-04-20 00:00:00+00:00,0.0
2024-04-20 00:15:00+00:00,0.0
2024-04-20 00:30:00+00:00,0.0
2024-04-20 00:45:00+00:00,0.0
2024-04-20 01:00:00+00:00,0.0
2024-04-20 01:15:00+00:00,0.0
2024-04-20 01:30:00+00:00,0.0
2024-04-20 01:45:00+00:00,0.0
2024-04-20 02:00:00+00:00,0.0
2024-04-20 02:15:00+00:00,0.0
2024-04-20 02:30:00+00:00,0.0
2024-04-20 02:45:00+00:00,0.0
2024-04-20 03:00:00+00:00,0.0
2024-04-20 03:15:00+00:00,0.0
2024-04-20 03:30:00+00:00,0.0
2024-04-20 03:45:00+00:00,0.0
2024-04-20 04:00:00+00:00,0.0
2024-04-20 04:15:00+00:00,0.0
2024-04-20 04:30:00+00:00,0.0
2024-04-20 04:45:00+00:00,0.0
2024-04-20 05:00:00+00:00,0.0
2024-04-20 05:15:00+00:00,0.0
2024-04-20 05:30:00+00:00,135.304443359375
2024-04-20 05:45:00+00:00,443.160003662109
2024-04-20 06:00:00+00:00,898.752197265625
2024-04-20 06:15:00+00:00,1484.93225097656
2024-04-20 06:30:00+00:00,2136.03442382813
2024-04-20 06:45:00+00:00,2813.89453125
2024-04-20 07:00:00+00:00,3501.43994140625
2024-04-20 07:15:00+00:00,4176.70654296875
2024-04-20 07:30:00+00:00,4808.6220703125
2024-04-20 07:45:00+00:00,5498.7333984375
2024-04-20 08:00:00+00:00,5996.1064453125
2024-04-20 08:15:00+00:00,6500.61865234375
2024-04-20 08:30:00+00:00,6840.29345703125
2024-04-20 08:45:00+00:00,7111.37451171875
2024-04-20 09:00:00+00:00,7195.45458984375
2024-04-20 09:15:00+00:00,8302.5703125
2024-04-20 09:30:00+00:00,8625.9755859375
2024-04-20 09:45:00+00:00,8807.693359375
2024-04-20 10:00:00+00:00,9242.150390625
2024-04-20 10:15:00+00:00,9043.796875
2024-04-20 10:30:00+00:00,9461.259765625
2024-04-20 10:45:00+00:00,9655.685546875
2024-04-20 11:00:00+00:00,9596.45703125
2024-04-20 11:15:00+00:00,6354.40771484375
2024-04-20 11:30:00+00:00,8002.9501953125
2024-04-20 11:45:00+00:00,7770.88671875
2024-04-20 12:00:00+00:00,5881.1201171875
2024-04-20 12:15:00+00:00,6791.51220703125
2024-04-20 12:30:00+00:00,7488.77685546875
2024-04-20 12:45:00+00:00,8243.5791015625
2024-04-20 13:00:00+00:00,6724.62890625
2024-04-20 13:15:00+00:00,6242.39111328125
2024-04-20 13:30:00+00:00,7869.89013671875
2024-04-20 13:45:00+00:00,6904.98095703125
2024-04-20 14:00:00+00:00,5062.79443359375
2024-04-20 14:15:00+00:00,3629.7412109375
2024-04-20 14:30:00+00:00,6842.6357421875
2024-04-20 14:45:00+00:00,6478.31982421875
2024-04-20 15:00:00+00:00,4482.22900390625
2024-04-20 15:15:00+00:00,3536.31787109375
2024-04-20 15:30:00+00:00,4726.04443359375
2024-04-20 15:45:00+00:00,4057.14233398438
2024-04-20 16:00:00+00:00,2526.208984375
2024-04-20 16:15:00+00:00,2686.59887695313
2024-04-20 16:30:00+00:00,2250.919921875
2024-04-20 16:45:00+00:00,2077.71118164063
2024-04-20 17:00:00+00:00,1384.01000976563
2024-04-20 17:15:00+00:00,830.877807617188
2024-04-20 17:30:00+00:00,437.856658935547
2024-04-20 17:45:00+00:00,213.5
2024-04-20 18:00:00+00:00,57.3666648864746
2024-04-20 18:15:00+00:00,0.0
2024-04-20 18:30:00+00:00,0.0
2024-04-20 18:45:00+00:00,0.0
2024-04-20 19:00:00+00:00,0.0
2024-04-20 19:15:00+00:00,0.0
2024-04-20 19:30:00+00:00,0.0
2024-04-20 19:45:00+00:00,0.0
2024-04-20 20:00:00+00:00,0.0
2024-04-20 20:15:00+00:00,0.0
2024-04-20 20:30:00+00:00,0.0
2024-04-20 20:45:00+00:00,0.0
2024-04-20 21:00:00+00:00,0.0
2024-04-20 21:15:00+00:00,0.0
2024-04-20 21:30:00+00:00,0.0
2024-04-20 21:45:00+00:00,0.0
2024-04-20 22:00:00+00:00,0.0
2024-04-20 22:15:00+00:00,0.0
2024-04-20 22:30:00+00:00,0.0
2024-04-20 22:45:00+00:00,0.0
2024-04-20 23:00:00+00:00,0.0
2024-04-20 23:15:00+00:00,0.0
2024-04-20 23:30:00+00:00,0.0
2024-04-20 23:45:00+00:00,0.0
2024-04-21 00:00:00+00:00,0.0
2024-04-21 00:15:00+00:00,0.0
2024-04-21 00:30:00+00:00,0.0
2024-04-21 00:45:00+00:00,0.0
2024-04-21 01:00:00+00:00,0.0
2024-04-21 01:15:00+00:00,0.0
2024-04-21 01:30:00+00:00,0.0
2024-04-21 01:45:00+00:00,0.0
2024-04-21 02:00:00+00:00,0.0
2024-04-21 02:15:00+00:00,0.0
2024-04-21 02:30:00+00:00,0.0
2024-04-21 02:45:00+00:00,0.0
2024-04-21 03:00:00+00:00,0.0
2024-04-21 03:15:00+00:00,0.0
2024-04-21 03:30:00+00:00,0.0
2024-04-21 03:45:00+00:00,0.0
2024-04-21 04:00:00+00:00,0.0
2024-04-21 04:15:00+00:00,0.0
2024-04-21 04:30:00+00:00,0.0
2024-04-21 04:45:00+00:00,0.0
2024-04-21 05:00:00+00:00,0.0
2024-04-21 05:15:00+00:00,3.42555546760559
2024-04-21 05:30:00+00:00,277.648895263672
2024-04-21 05:45:00+00:00,770.305541992188
2024-04-21 06:00:00+00:00,756.978881835938
2024-04-21 06:15:00+00:00,1535.71105957031
2024-04-21 06:30:00+00:00,2166.57885742188
2024-04-21 06:45:00+00:00,2840.24877929688
2024-04-21 07:00:00+00:00,3435.10009765625
2024-04-21 07:15:00+00:00,4046.98779296875
2024-04-21 07:30:00+00:00,5111.10009765625
2024-04-21 07:45:00+00:00,3118.53564453125
2024-04-21 08:00:00+00:00,3787.96337890625
2024-04-21 08:15:00+00:00,6348.5888671875
2024-04-21 08:30:00+00:00,3952.65234375
2024-04-21 08:45:00+00:00,5210.36865234375
2024-04-21 09:00:00+00:00,3926.48876953125
2024-04-21 09:15:00+00:00,6025.146484375
2024-04-21 09:30:00+00:00,6189.67333984375
2024-04-21 09:45:00+00:00,7688.89892578125
2024-04-21 10:00:00+00:00,3909.87329101563
2024-04-21 10:15:00+00:00,4115.71875
2024-04-21 10:30:00+00:00,5382.5712890625
2024-04-21 10:45:00+00:00,7741.10888671875
2024-04-21 11:00:00+00:00,5809.08203125
2024-04-21 11:15:00+00:00,5378.55908203125
2024-04-21 11:30:00+00:00,8917.7490234375
2024-04-21 11:45:00+00:00,7921.68896484375
2024-04-21 12:00:00+00:00,8806.73046875
2024-04-21 12:15:00+00:00,7808.3642578125
2024-04-21 12:30:00+00:00,3966.07104492188
2024-04-21 12:45:00+00:00,5984.19091796875
2024-04-21 13:00:00+00:00,6767.2275390625
2024-04-21 13:15:00+00:00,6470.85107421875
2024-04-21 13:30:00+00:00,6501.69775390625
2024-04-21 13:45:00+00:00,3719.60009765625
2024-04-21 14:00:00+00:00,4935.509765625
2024-04-21 14:15:00+00:00,3213.26123046875
2024-04-21 14:30:00+00:00,3430.29321289063
2024-04-21 14:45:00+00:00,3655.9189453125
2024-04-21 15:00:00+00:00,2503.58325195313
2024-04-21 15:15:00+00:00,2032.79443359375
2024-04-21 15:30:00+00:00,1967.85778808594
2024-04-21 15:45:00+00:00,1222.72448730469
2024-04-21 16:00:00+00:00,1074.66662597656
2024-04-21 16:15:00+00:00,934.293334960938
2024-04-21 16:30:00+00:00,779.7744140625
2024-04-21 16:45:00+00:00,496.877777099609
2024-04-21 17:00:00+00:00,432.679992675781
2024-04-21 17:15:00+00:00,260.944458007813
2024-04-21 17:30:00+00:00,57.1777763366699
2024-04-21 17:45:00+00:00,0.0
2024-04-21 18:00:00+00:00,0.0
2024-04-21 18:15:00+00:00,0.0
2024-04-21 18:30:00+00:00,0.0
2024-04-21 18:45:00+00:00,0.0
2024-04-21 19:00:00+00:00,0.0
2024-04-21 19:15:00+00:00,0.0
2024-04-21 19:30:00+00:00,0.0
2024-04-21 19:45:00+00:00,0.0
2024-04-21 20:00:00+00:00,0.0
2024-04-21 20:15:00+00:00,0.0
2024-04-21 20:30:00+00:00,0.0
2024-04-21 20:45:00+00:00,0.0
2024-04-21 21:00:00+00:00,0.0
2024-04-21 21:15:00+00:00,0.0
2024-04-21 21:30:00+00:00,0.0
2024-04-21 21:45:00+00:00,0.0
2024-04-21 22:00:00+00:00,0.0
2024-04-21 22:15:00+00:00,0.0
2024-04-21 22:30:00+00:00,0.0
2024-04-21 22:45:00+00:00,0.0
2024-04-21 23:00:00+00:00,0.0
2024-04-21 23:15:00+00:00,0.0
2024-04-21 23:30:00+00:00,0.0
2024-04-21 23:45:00+00:00,0.0
2024-04-22 00:00:00+00:00,0.0
2024-04-22 00:15:00+00:00,0.0
2024-04-22 00:30:00+00:00,0.0
2024-04-22 00:45:00+00:00,0.0
2024-04-22 01:00:00+00:00,0.0
2024-04-22 01:15:00+00:00,0.0
2024-04-22 01:30:00+00:00,0.0
2024-04-22 01:45:00+00:00,0.0
2024-04-22 02:00:00+00:00,0.0
2024-04-22 02:15:00+00:00,0.0
2024-04-22 02:30:00+00:00,0.0
2024-04-22 02:45:00+00:00,0.0
2024-04-22 03:00:00+00:00,0.0
2024-04-22 03:15:00+00:00,0.0
2024-04-22 03:30:00+00:00,0.0
2024-04-22 03:45:00+00:00,0.0
2024-04-22 04:00:00+00:00,0.0
2024-04-22 04:15:00+00:00,0.0
2024-04-22 04:30:00+00:00,0.0
2024-04-22 04:45:00+00:00,0.0
2024-04-22 05:00:00+00:00,0.0
2024-04-22 05:15:00+00:00,12.8999996185303
2024-04-22 05:30:00+00:00,218.356674194336
2024-04-22 05:45:00+00:00,472.018890380859
2024-04-22 06:00:00+00:00,813.115539550781
2024-04-22 06:15:00+00:00,1263.49890136719
2024-04-22 06:30:00+00:00,1783.31115722656
2024-04-22 06:45:00+00:00,2505.00439453125
2024-04-22 07:00:00+00:00,3129.95678710938
2024-04-22 07:15:00+00:00,3528.44677734375
2024-04-22 07:30:00+00:00,4058.34545898438
2024-04-22 07:45:00+00:00,4399.2568359375
2024-04-22 08:00:00+00:00,4902.33984375
2024-04-22 08:15:00+00:00,5237.94091796875
2024-04-22 08:30:00+00:00,6062.83349609375
2024-04-22 08:45:00+00:00,6559.39111328125
2024-04-22 09:00:00+00:00,6998.39013671875
2024-04-22 09:15:00+00:00,7296.70654296875
2024-04-22 09:30:00+00:00,7422.0546875
2024-04-22 09:45:00+00:00,7807.19091796875
2024-04-22 10:00:00+00:00,8143.5732421875
2024-04-22 10:15:00+00:00,8554.3876953125
2024-04-22 10:30:00+00:00,7075.4580078125
2024-04-22 10:45:00+00:00,6516.61572265625
2024-04-22 11:00:00+00:00,6904.5146484375
2024-04-22 11:15:00+00:00,6399.52099609375
2024-04-22 11:30:00+00:00,7533.6044921875
2024-04-22 11:45:00+00:00,8342.76953125
2024-04-22 12:00:00+00:00,7781.4599609375
2024-04-22 12:15:00+00:00,8700.4462890625
2024-04-22 12:30:00+00:00,7306.74658203125
2024-04-22 12:45:00+00:00,7181.57421875
2024-04-22 13:00:00+00:00,7130.4267578125
2024-04-22 13:15:00+00:00,6335.96337890625
2024-04-22 13:30:00+00:00,5179.041015625
2024-04-22 13:45:00+00:00,5996.6923828125
2024-04-22 14:00:00+00:00,4889.19775390625
2024-04-22 14:15:00+00:00,2777.67114257813
2024-04-22 14:30:00+00:00,1812.2177734375
2024-04-22 14:45:00+00:00,1810.08996582031
2024-04-22 15:00:00+00:00,1247.28662109375
2024-04-22 15:15:00+00:00,1496.57446289063
2024-04-22 15:30:00+00:00,1417.32116699219
2024-04-22 15:45:00+00:00,1262.05224609375
2024-04-22 16:00:00+00:00,1047.68334960938
2024-04-22 16:15:00+00:00,397.023345947266
2024-04-22 16:30:00+00:00,390.279998779297
2024-04-22 16:45:00+00:00,470.727783203125
2024-04-22 17:00:00+00:00,117.378890991211
2024-04-22 17:15:00+00:00,0.0
2024-04-22 17:30:00+00:00,0.0
2024-04-22 17:45:00+00:00,0.0
2024-04-22 18:00:00+00:00,0.0
2024-04-22 18:15:00+00:00,0.0
2024-04-22 18:30:00+00:00,0.0
2024-04-22 18:45:00+00:00,0.0
2024-04-22 19:00:00+00:00,0.0
2024-04-22 19:15:00+00:00,0.0
2024-04-22 19:30:00+00:00,0.0
2024-04-22 19:45:00+00:00,0.0
2024-04-22 20:00:00+00:00,0.0
2024-04-22 20:15:00+00:00,0.0
2024-04-22 20:30:00+00:00,0.0
2024-04-22 20:45:00+00:00,0.0
2024-04-22 21:00:00+00:00,0.0
2024-04-22 21:15:00+00:00,0.0
2024-04-22 21:30:00+00:00,0.0
2024-04-22 21:45:00+00:00,0.0
2024-04-22 22:00:00+00:00,0.0
2024-04-22 22:15:00+00:00,0.0
2024-04-22 22:30:00+00:00,0.0
2024-04-22 22:45:00+00:00,0.0
2024-04-22 23:00:00+00:00,0.0
2024-04-22 23:15:00+00:00,0.0
2024-04-22 23:30:00+00:00,0.0
2024-04-22 23:45:00+00:00,0.0
2024-04-23 00:00:00+00:00,0.0
2024-04-23 00:15:00+00:00,0.0
2024-04-23 00:30:00+00:00,0.0
2024-04-23 00:45:00+00:00,0.0
2024-04-23 01:00:00+00:00,0.0
2024-04-23 01:15:00+00:00,0.0
2024-04-23 01:30:00+00:00,0.0
2024-04-23 01:45:00+00:00,0.0
2024-04-23 02:00:00+00:00,0.0
2024-04-23 02:15:00+00:00,0.0
2024-04-23 02:30:00+00:00,0.0
2024-04-23 02:45:00+00:00,0.0
2024-04-23 03:00:00+00:00,0.0
2024-04-23 03:15:00+00:00,0.0
2024-04-23 03:30:00+00:00,0.0
2024-04-23 03:45:00+00:00,0.0
2024-04-23 04:00:00+00:00,0.0
2024-04-23 04:15:00+00:00,0.0
2024-04-23 04:30:00+00:00,0.0
2024-04-23 04:45:00+00:00,0.0
2024-04-23 05:00:00+00:00,0.0
2024-04-23 05:15:00+00:00,0.0
2024-04-23 05:30:00+00:00,0.0
2024-04-23 05:45:00+00:00,0.0
2024-04-23 06:00:00+00:00,0.0
2024-04-23 06:15:00+00:00,0.0
2024-04-23 06:30:00+00:00,0.0
2024-04-23 06:45:00+00:00,0.0
2024-04-23 07:00:00+00:00,56.2099990844727
2024-04-23 07:15:00+00:00,419.866668701172
2024-04-23 07:30:00+00:00,363.542236328125
2024-04-23 07:45:00+00:00,681.203308105469
2024-04-23 08:00:00+00:00,1611.193359375
2024-04-23 08:15:00+00:00,1319.62890625
2024-04-23 08:30:00+00:00,1214.76550292969
2024-04-23 08:45:00+00:00,870.179992675781
2024-04-23 09:00:00+00:00,666.765563964844
2024-04-23 09:15:00+00:00,868.564453125
2024-04-23 09:30:00+00:00,1214.11450195313
2024-04-23 09:45:00+00:00,1496.17333984375
2024-04-23 10:00:00+00:00,2078.62670898438
2024-04-23 10:15:00+00:00,1935.59887695313
2024-04-23 10:30:00+00:00,927.645568847656
2024-04-23 10:45:00+00:00,1014.84222412109
2024-04-23 11:00:00+00:00,1220.10217285156
2024-04-23 11:15:00+00:00,1518.53662109375
2024-04-23 11:30:00+00:00,2103.12548828125
2024-04-23 11:45:00+00:00,2287.78002929688
2024-04-23 12:00:00+00:00,1671.42883300781
2024-04-23 12:15:00+00:00,1615.322265625
2024-04-23 12:30:00+00:00,2016.21667480469
2024-04-23 12:45:00+00:00,2055.76782226563
2024-04-23 13:00:00+00:00,1663.15002441406
2024-04-23 13:15:00+00:00,1880.01782226563
2024-04-23 13:30:00+00:00,2146.36767578125
2024-04-23 13:45:00+00:00,2047.62780761719
2024-04-23 14:00:00+00:00,1796.04443359375
2024-04-23 14:15:00+00:00,2047.34558105469
2024-04-23 14:30:00+00:00,1770.51330566406
2024-04-23 14:45:00+00:00,1771.34558105469
2024-04-23 15:00:00+00:00,1654.17333984375
2024-04-23 15:15:00+00:00,1461.40661621094
2024-04-23 15:30:00+00:00,1546.92663574219
2024-04-23 15:45:00+00:00,1599.98999023438
2024-04-23 16:00:00+00:00,2573.8056640625
2024-04-23 16:15:00+00:00,1979.32556152344
2024-04-23 16:30:00+00:00,1291.63891601563
2024-04-23 16:45:00+00:00,1060.47448730469
2024-04-23 17:00:00+00:00,919.018859863281
2024-04-23 17:15:00+00:00,696.363342285156
2024-04-23 17:30:00+00:00,420.695556640625
2024-04-23 17:45:00+00:00,331.01220703125
2024-04-23 18:00:00+00:00,149.986663818359
2024-04-23 18:15:00+00:00,0.0
2024-04-23 18:30:00+00:00,0.0
2024-04-23 18:45:00+00:00,0.0
2024-04-23 19:00:00+00:00,0.0
2024-04-23 19:15:00+00:00,0.0
2024-04-23 19:30:00+00:00,0.0
2024-04-23 19:45:00+00:00,0.0
2024-04-23 20:00:00+00:00,0.0
2024-04-23 20:15:00+00:00,0.0
2024-04-23 20:30:00+00:00,0.0
2024-04-23 20:45:00+00:00,0.0
2024-04-23 21:00:00+00:00,0.0
2024-04-23 21:15:00+00:00,0.0
2024-04-23 21:30:00+00:00,0.0
2024-04-23 21:45:00+00:00,0.0
2024-04-23 22:00:00+00:00,0.0
2024-04-23 22:15:00+00:00,0.0
2024-04-23 22:30:00+00:00,0.0
2024-04-23 22:45:00+00:00,0.0
2024-04-23 23:00:00+00:00,0.0
2024-04-23 23:15:00+00:00,0.0
2024-04-23 23:30:00+00:00,0.0
2024-04-23 23:45:00+00:00,0.0
2024-04-24 00:00:00+00:00,0.0
2024-04-24 00:15:00+00:00,0.0
2024-04-24 00:30:00+00:00,0.0
2024-04-24 00:45:00+00:00,0.0
2024-04-24 01:00:00+00:00,0.0
2024-04-24 01:15:00+00:00,0.0
2024-04-24 01:30:00+00:00,0.0
2024-04-24 01:45:00+00:00,0.0
2024-04-24 02:00:00+00:00,0.0
2024-04-24 02:15:00+00:00,0.0
2024-04-24 02:30:00+00:00,0.0
2024-04-24 02:45:00+00:00,0.0
2024-04-24 03:00:00+00:00,0.0
2024-04-24 03:15:00+00:00,0.0
2024-04-24 03:30:00+00:00,0.0
2024-04-24 03:45:00+00:00,0.0
2024-04-24 04:00:00+00:00,0.0
2024-04-24 04:15:00+00:00,0.0
2024-04-24 04:30:00+00:00,0.0
2024-04-24 04:45:00+00:00,0.0
2024-04-24 05:00:00+00:00,0.0
2024-04-24 05:15:00+00:00,0.0
2024-04-24 05:30:00+00:00,53.3022232055664
2024-04-24 05:45:00+00:00,269.39111328125
2024-04-24 06:00:00+00:00,470.827789306641
2024-04-24 06:15:00+00:00,766.17333984375
2024-04-24 06:30:00+00:00,1069.7177734375
2024-04-24 06:45:00+00:00,1360.73327636719
2024-04-24 07:00:00+00:00,1608.73669433594
2024-04-24 07:15:00+00:00,2299.10668945313
2024-04-24 07:30:00+00:00,3151.74877929688
2024-04-24 07:45:00+00:00,3154.662109375
2024-04-24 08:00:00+00:00,3590.70336914063
2024-04-24 08:15:00+00:00,4793.259765625
2024-04-24 08:30:00+00:00,5189.6767578125
2024-04-24 08:45:00+00:00,5981.724609375
2024-04-24 09:00:00+00:00,7133.33349609375
2024-04-24 09:15:00+00:00,7898.85546875
2024-04-24 09:30:00+00:00,7936.435546875
2024-04-24 09:45:00+00:00,8047.896484375
2024-04-24 10:00:00+00:00,8165.41357421875
2024-04-24 10:15:00+00:00,8730.4931640625
2024-04-24 10:30:00+00:00,8873.07421875
2024-04-24 10:45:00+00:00,8723.7265625
2024-04-24 11:00:00+00:00,9023.56640625
2024-04-24 11:15:00+00:00,9421.654296875
2024-04-24 11:30:00+00:00,8712.083984375
2024-04-24 11:45:00+00:00,8238.1533203125
2024-04-24 12:00:00+00:00,8856.0947265625
2024-04-24 12:15:00+00:00,9279.7978515625
2024-04-24 12:30:00+00:00,8915.4697265625
2024-04-24 12:45:00+00:00,8489.16015625
2024-04-24 13:00:00+00:00,8906.048828125
2024-04-24 13:15:00+00:00,8599.544921875
2024-04-24 13:30:00+00:00,8410.0
2024-04-24 13:45:00+00:00,7971.267578125
2024-04-24 14:00:00+00:00,7739.39990234375
2024-04-24 14:15:00+00:00,7308.5478515625
2024-04-24 14:30:00+00:00,6848.982421875
2024-04-24 14:45:00+00:00,6443.43115234375
2024-04-24 15:00:00+00:00,5947.91796875
2024-04-24 15:15:00+00:00,5456.2646484375
2024-04-24 15:30:00+00:00,4881.60791015625
2024-04-24 15:45:00+00:00,4319.16796875
2024-04-24 16:00:00+00:00,3701.44555664063
2024-04-24 16:15:00+00:00,3065.09326171875
2024-04-24 16:30:00+00:00,2045.98779296875
2024-04-24 16:45:00+00:00,1433.86450195313
2024-04-24 17:00:00+00:00,1026.90661621094
2024-04-24 17:15:00+00:00,783.427795410156
2024-04-24 17:30:00+00:00,487.965545654297
2024-04-24 17:45:00+00:00,258.207763671875
2024-04-24 18:00:00+00:00,64.6888885498047
2024-04-24 18:15:00+00:00,0.0
2024-04-24 18:30:00+00:00,0.0
2024-04-24 18:45:00+00:00,0.0
2024-04-24 19:00:00+00:00,0.0
2024-04-24 19:15:00+00:00,0.0
2024-04-24 19:30:00+00:00,0.0
2024-04-24 19:45:00+00:00,0.0
2024-04-24 20:00:00+00:00,0.0
2024-04-24 20:15:00+00:00,0.0
2024-04-24 20:30:00+00:00,0.0
2024-04-24 20:45:00+00:00,0.0
2024-04-24 21:00:00+00:00,0.0
2024-04-24 21:15:00+00:00,0.0
2024-04-24 21:30:00+00:00,0.0
2024-04-24 21:45:00+00:00,0.0
2024-04-24 22:00:00+00:00,0.0
2024-04-24 22:15:00+00:00,0.0
2024-04-24 22:30:00+00:00,0.0
2024-04-24 22:45:00+00:00,0.0
2024-04-24 23:00:00+00:00,0.0
2024-04-24 23:15:00+00:00,0.0
2024-04-24 23:30:00+00:00,0.0
2024-04-24 23:45:00+00:00,0.0
2024-04-25 00:00:00+00:00,0.0
2024-04-25 00:15:00+00:00,0.0
2024-04-25 00:30:00+00:00,0.0
2024-04-25 00:45:00+00:00,0.0
2024-04-25 01:00:00+00:00,0.0
2024-04-25 01:15:00+00:00,0.0
2024-04-25 01:30:00+00:00,0.0
2024-04-25 01:45:00+00:00,0.0
2024-04-25 02:00:00+00:00,0.0
2024-04-25 02:15:00+00:00,0.0
2024-04-25 02:30:00+00:00,0.0
2024-04-25 02:45:00+00:00,0.0
2024-04-25 03:00:00+00:00,0.0
2024-04-25 03:15:00+00:00,0.0
2024-04-25 03:30:00+00:00,0.0
2024-04-25 03:45:00+00:00,0.0
2024-04-25 04:00:00+00:00,0.0
2024-04-25 04:15:00+00:00,0.0
2024-04-25 04:30:00+00:00,0.0
2024-04-25 04:45:00+00:00,0.0
2024-04-25 05:00:00+00:00,0.0
2024-04-25 05:15:00+00:00,33.9144439697266
2024-04-25 05:30:00+00:00,113.718887329102
2024-04-25 05:45:00+00:00,106.494445800781
2024-04-25 06:00:00+00:00,80.8944473266602
2024-04-25 06:15:00+00:00,3.67888879776001
2024-04-25 06:30:00+00:00,491.791107177734
2024-04-25 06:45:00+00:00,711.952209472656
2024-04-25 07:00:00+00:00,1426.94885253906
2024-04-25 07:15:00+00:00,2960.50659179688
2024-04-25 07:30:00+00:00,4862.87548828125
2024-04-25 07:45:00+00:00,4896.6357421875
2024-04-25 08:00:00+00:00,4868.9765625
2024-04-25 08:15:00+00:00,2068.193359375
2024-04-25 08:30:00+00:00,4341.81201171875
2024-04-25 08:45:00+00:00,3971.85546875
2024-04-25 09:00:00+00:00,7562.09765625
2024-04-25 09:15:00+00:00,8032.39794921875
2024-04-25 09:30:00+00:00,6599.05908203125
2024-04-25 09:45:00+00:00,4063.9765625
2024-04-25 10:00:00+00:00,7635.0322265625
2024-04-25 10:15:00+00:00,8260.73046875
2024-04-25 10:30:00+00:00,8567.9453125
2024-04-25 10:45:00+00:00,5108.44873046875
2024-04-25 11:00:00+00:00,5911.15576171875
2024-04-25 11:15:00+00:00,6399.49462890625
2024-04-25 11:30:00+00:00,8911.5107421875
2024-04-25 11:45:00+00:00,5996.19775390625
2024-04-25 12:00:00+00:00,9992.1015625
2024-04-25 12:15:00+00:00,8125.92236328125
2024-04-25 12:30:00+00:00,9780.1484375
2024-04-25 12:45:00+00:00,4367.96435546875
2024-04-25 13:00:00+00:00,6011.08203125
2024-04-25 13:15:00+00:00,8275.6123046875
2024-04-25 13:30:00+00:00,7567.57666015625
2024-04-25 13:45:00+00:00,8377.337890625
2024-04-25 14:00:00+00:00,6913.26318359375
2024-04-25 14:15:00+00:00,6673.18017578125
2024-04-25 14:30:00+00:00,5946.169921875
2024-04-25 14:45:00+00:00,5915.6220703125
2024-04-25 15:00:00+00:00,6097.111328125
2024-04-25 15:15:00+00:00,5803.9609375
2024-04-25 15:30:00+00:00,5353.759765625
2024-04-25 15:45:00+00:00,4737.49560546875
2024-04-25 16:00:00+00:00,4061.06884765625
2024-04-25 16:15:00+00:00,3416.88549804688
2024-04-25 16:30:00+00:00,2731.84106445313
2024-04-25 16:45:00+00:00,2046.56665039063
2024-04-25 17:00:00+00:00,1419.87219238281
2024-04-25 17:15:00+00:00,1013.40667724609
2024-04-25 17:30:00+00:00,578.345581054688
2024-04-25 17:45:00+00:00,316.029998779297
2024-04-25 18:00:00+00:00,80.5988922119141
2024-04-25 18:15:00+00:00,0.0
2024-04-25 18:30:00+00:00,0.0
2024-04-25 18:45:00+00:00,0.0
2024-04-25 19:00:00+00:00,0.0
2024-04-25 19:15:00+00:00,0.0
2024-04-25 19:30:00+00:00,0.0
2024-04-25 19:45:00+00:00,0.0
2024-04-25 20:00:00+00:00,0.0
2024-04-25 20:15:00+00:00,0.0
2024-04-25 20:30:00+00:00,0.0
2024-04-25 20:45:00+00:00,0.0
2024-04-25 21:00:00+00:00,0.0
2024-04-25 21:15:00+00:00,0.0
2024-04-25 21:30:00+00:00,0.0
2024-04-25 21:45:00+00:00,0.0
2024-04-25 22:00:00+00:00,0.0
2024-04-25 22:15:00+00:00,0.0
2024-04-25 22:30:00+00:00,0.0
2024-04-25 22:45:00+00:00,0.0
2024-04-25 23:00:00+00:00,0.0
2024-04-25 23:15:00+00:00,0.0
2024-04-25 23:30:00+00:00,0.0
2024-04-25 23:45:00+00:00,0.0
2024-04-26 00:00:00+00:00,0.0
2024-04-26 00:15:00+00:00,0.0
2024-04-26 00:30:00+00:00,0.0
2024-04-26 00:45:00+00:00,0.0
2024-04-26 01:00:00+00:00,0.0
2024-04-26 01:15:00+00:00,0.0
2024-04-26 01:30:00+00:00,0.0
2024-04-26 01:45:00+00:00,0.0
2024-04-26 02:00:00+00:00,0.0
2024-04-26 02:15:00+00:00,0.0
2024-04-26 02:30:00+00:00,0.0
2024-04-26 02:45:00+00:00,0.0
2024-04-26 03:00:00+00:00,0.0
2024-04-26 03:15:00+00:00,0.0
2024-04-26 03:30:00+00:00,0.0
2024-04-26 03:45:00+00:00,0.0
2024-04-26 04:00:00+00:00,0.0
2024-04-26 04:15:00+00:00,0.0
2024-04-26 04:30:00+00:00,0.0
2024-04-26 04:45:00+00:00,0.0
2024-04-26 05:00:00+00:00,0.0
2024-04-26 05:15:00+00:00,67.1933364868164
2024-04-26 05:30:00+00:00,276.29443359375
2024-04-26 05:45:00+00:00,604.875549316406
2024-04-26 06:00:00+00:00,1089.0078125
2024-04-26 06:15:00+00:00,1680.63549804688
2024-04-26 06:30:00+00:00,2331.83447265625
2024-04-26 06:45:00+00:00,2996.17993164063
2024-04-26 07:00:00+00:00,3664.22119140625
2024-04-26 07:15:00+00:00,4335.9990234375
2024-04-26 07:30:00+00:00,4972.9833984375
2024-04-26 07:45:00+00:00,5558.58447265625
2024-04-26 08:00:00+00:00,6099.8134765625
2024-04-26 08:15:00+00:00,6590.2333984375
2024-04-26 08:30:00+00:00,7060.6298828125
2024-04-26 08:45:00+00:00,7490.90771484375
2024-04-26 09:00:00+00:00,7880.60986328125
2024-04-26 09:15:00+00:00,8220.328125
2024-04-26 09:30:00+00:00,8507.525390625
2024-04-26 09:45:00+00:00,8790.40625
2024-04-26 10:00:00+00:00,9037.056640625
2024-04-26 10:15:00+00:00,9243.603515625
2024-04-26 10:30:00+00:00,9431.1376953125
2024-04-26 10:45:00+00:00,9592.099609375
2024-04-26 11:00:00+00:00,9762.3203125
2024-04-26 11:15:00+00:00,9868.751953125
2024-04-26 11:30:00+00:00,9608.2607421875
2024-04-26 11:45:00+00:00,9797.3359375
2024-04-26 12:00:00+00:00,9750.3681640625
2024-04-26 12:15:00+00:00,9652.896484375
2024-04-26 12:30:00+00:00,9530.8896484375
2024-04-26 12:45:00+00:00,9385.798828125
2024-04-26 13:00:00+00:00,9196.162109375
2024-04-26 13:15:00+00:00,8976.33984375
2024-04-26 13:30:00+00:00,8707.46875
2024-04-26 13:45:00+00:00,8405.896484375
2024-04-26 14:00:00+00:00,8057.04345703125
2024-04-26 14:15:00+00:00,7680.42236328125
2024-04-26 14:30:00+00:00,7257.5478515625
2024-04-26 14:45:00+00:00,6811.33447265625
2024-04-26 15:00:00+00:00,6342.75
2024-04-26 15:15:00+00:00,5815.08447265625
2024-04-26 15:30:00+00:00,5238.41357421875
2024-04-26 15:45:00+00:00,4628.5576171875
2024-04-26 16:00:00+00:00,4001.49560546875
2024-04-26 16:15:00+00:00,3336.7265625
2024-04-26 16:30:00+00:00,2662.83544921875
2024-04-26 16:45:00+00:00,2008.94445800781
2024-04-26 17:00:00+00:00,1399.17663574219
2024-04-26 17:15:00+00:00,867.369995117188
2024-04-26 17:30:00+00:00,472.853332519531
2024-04-26 17:45:00+00:00,248.334442138672
2024-04-26 18:00:00+00:00,113.688888549805
2024-04-26 18:15:00+00:00,0.0
2024-04-26 18:30:00+00:00,0.0
2024-04-26 18:45:00+00:00,0.0
2024-04-26 19:00:00+00:00,0.0
2024-04-26 19:15:00+00:00,0.0
2024-04-26 19:30:00+00:00,0.0
2024-04-26 19:45:00+00:00,0.0
2024-04-26 20:00:00+00:00,0.0
2024-04-26 20:15:00+00:00,0.0
2024-04-26 20:30:00+00:00,0.0
2024-04-26 20:45:00+00:00,0.0
2024-04-26 21:00:00+00:00,0.0
2024-04-26 21:15:00+00:00,0.0
2024-04-26 21:30:00+00:00,0.0
2024-04-26 21:45:00+00:00,0.0
2024-04-26 22:00:00+00:00,0.0
